Request received: {"token":"eyJ0eXAiOiJKV1QiLCJhbGciOiJIUzI1NiJ9.eyJ1c2VyX2lkIjoxLCJ1c2VybmFtZSI6ImFsZXhtaWhhaSIsImV4cCI6MTc0NTk4NzkyNH0.At65HS7WqZUXUKRsNlV9UgekTkqbb9Y6NJ3zVMCuE68"}
Request received: {"token":"eyJ0eXAiOiJKV1QiLCJhbGciOiJIUzI1NiJ9.eyJ1c2VyX2lkIjoxLCJ1c2VybmFtZSI6ImFsZXhtaWhhaSIsImV4cCI6MTc0NTk4NzkyNH0.At65HS7WqZUXUKRsNlV9UgekTkqbb9Y6NJ3zVMCuE68"}
Request received: {"token":"eyJ0eXAiOiJKV1QiLCJhbGciOiJIUzI1NiJ9.eyJ1c2VyX2lkIjoxLCJ1c2VybmFtZSI6ImFsZXhtaWhhaSIsImV4cCI6MTc0NTk4NzkyNH0.At65HS7WqZUXUKRsNlV9UgekTkqbb9Y6NJ3zVMCuE68"}
Request received: {"token":"eyJ0eXAiOiJKV1QiLCJhbGciOiJIUzI1NiJ9.eyJ1c2VyX2lkIjoiMSIsInVzZXJuYW1lIjoiYWxleG1paGFpIiwiZXhwIjoxNzQ1OTg4MjgzfQ.r-jyrRdnP9sF4qRtnrozfFx02CRGc6xu_6y69INcudU"}
Request received: {"token":"eyJ0eXAiOiJKV1QiLCJhbGciOiJIUzI1NiJ9.eyJ1c2VyX2lkIjoiMiIsInVzZXJuYW1lIjoiaW9uaW9uZXNjdSIsImV4cCI6MTc0NTk4ODMyNn0.YdqFflcNz-RvD7ENAUra0LOIR5ydPzoS4xf0hIbpfzE"}
Request received: {"token":"eyJ0eXAiOiJKV1QiLCJhbGciOiJIUzI1NiJ9.eyJ1c2VyX2lkIjoiMSIsInVzZXJuYW1lIjoiYWxleG1paGFpIiwiZXhwIjoxNzQ1OTg4MjgzfQ.r-jyrRdnP9sF4qRtnrozfFx02CRGc6xu_6y69INcudU"}
Request received: {"token":"eyJ0eXAiOiJKV1QiLCJhbGciOiJIUzI1NiJ9.eyJ1c2VyX2lkIjoiMiIsInVzZXJuYW1lIjoiaW9uaW9uZXNjdSIsImV4cCI6MTc0NTk4ODMyNn0.YdqFflcNz-RvD7ENAUra0LOIR5ydPzoS4xf0hIbpfzE"}
Request received: {"token":"eyJ0eXAiOiJKV1QiLCJhbGciOiJIUzI1NiJ9.eyJ1c2VyX2lkIjoiMSIsInVzZXJuYW1lIjoiYWxleG1paGFpIiwiZXhwIjoxNzQ1OTg4MjgzfQ.r-jyrRdnP9sF4qRtnrozfFx02CRGc6xu_6y69INcudU"}
Request received: {"token":"eyJ0eXAiOiJKV1QiLCJhbGciOiJIUzI1NiJ9.eyJ1c2VyX2lkIjoiMiIsInVzZXJuYW1lIjoiaW9uaW9uZXNjdSIsImV4cCI6MTc0NTk4ODMyNn0.YdqFflcNz-RvD7ENAUra0LOIR5ydPzoS4xf0hIbpfzE"}
Request received: {"token":"eyJ0eXAiOiJKV1QiLCJhbGciOiJIUzI1NiJ9.eyJ1c2VyX2lkIjoiMSIsInVzZXJuYW1lIjoiYWxleG1paGFpIiwiZXhwIjoxNzQ1OTg4MjgzfQ.r-jyrRdnP9sF4qRtnrozfFx02CRGc6xu_6y69INcudU"}
Request received: {"token":"eyJ0eXAiOiJKV1QiLCJhbGciOiJIUzI1NiJ9.eyJ1c2VyX2lkIjoiMiIsInVzZXJuYW1lIjoiaW9uaW9uZXNjdSIsImV4cCI6MTc0NTk4ODMyNn0.YdqFflcNz-RvD7ENAUra0LOIR5ydPzoS4xf0hIbpfzE"}
Request received: {"token":"eyJ0eXAiOiJKV1QiLCJhbGciOiJIUzI1NiJ9.eyJ1c2VyX2lkIjoiMiIsInVzZXJuYW1lIjoiaW9uaW9uZXNjdSIsImV4cCI6MTc0NTk4ODMyNn0.YdqFflcNz-RvD7ENAUra0LOIR5ydPzoS4xf0hIbpfzE"}
Request received: {"token":"eyJ0eXAiOiJKV1QiLCJhbGciOiJIUzI1NiJ9.eyJ1c2VyX2lkIjoiMSIsInVzZXJuYW1lIjoiYWxleG1paGFpIiwiZXhwIjoxNzQ1OTg4MjgzfQ.r-jyrRdnP9sF4qRtnrozfFx02CRGc6xu_6y69INcudU"}
Request received: {"token":"eyJ0eXAiOiJKV1QiLCJhbGciOiJIUzI1NiJ9.eyJ1c2VyX2lkIjoiMSIsInVzZXJuYW1lIjoiYWxleG1paGFpIiwiZXhwIjoxNzQ1OTg4MjgzfQ.r-jyrRdnP9sF4qRtnrozfFx02CRGc6xu_6y69INcudU"}
Request received: {"token":"eyJ0eXAiOiJKV1QiLCJhbGciOiJIUzI1NiJ9.eyJ1c2VyX2lkIjoiMiIsInVzZXJuYW1lIjoiaW9uaW9uZXNjdSIsImV4cCI6MTc0NTk4ODMyNn0.YdqFflcNz-RvD7ENAUra0LOIR5ydPzoS4xf0hIbpfzE"}
Request received: {"token":"eyJ0eXAiOiJKV1QiLCJhbGciOiJIUzI1NiJ9.eyJ1c2VyX2lkIjoiMiIsInVzZXJuYW1lIjoiaW9uaW9uZXNjdSIsImV4cCI6MTc0NTk4ODMyNn0.YdqFflcNz-RvD7ENAUra0LOIR5ydPzoS4xf0hIbpfzE"}
Request received: {"token":"eyJ0eXAiOiJKV1QiLCJhbGciOiJIUzI1NiJ9.eyJ1c2VyX2lkIjoiMSIsInVzZXJuYW1lIjoiYWxleG1paGFpIiwiZXhwIjoxNzQ1OTg4MjgzfQ.r-jyrRdnP9sF4qRtnrozfFx02CRGc6xu_6y69INcudU"}
Request received: {"token":"eyJ0eXAiOiJKV1QiLCJhbGciOiJIUzI1NiJ9.eyJ1c2VyX2lkIjoiMSIsInVzZXJuYW1lIjoiYWxleG1paGFpIiwiZXhwIjoxNzQ1OTg4MjgzfQ.r-jyrRdnP9sF4qRtnrozfFx02CRGc6xu_6y69INcudU"}
Request received: {"token":"eyJ0eXAiOiJKV1QiLCJhbGciOiJIUzI1NiJ9.eyJ1c2VyX2lkIjoiMiIsInVzZXJuYW1lIjoiaW9uaW9uZXNjdSIsImV4cCI6MTc0NTk4ODMyNn0.YdqFflcNz-RvD7ENAUra0LOIR5ydPzoS4xf0hIbpfzE"}
Request received: {"token":"eyJ0eXAiOiJKV1QiLCJhbGciOiJIUzI1NiJ9.eyJ1c2VyX2lkIjoiMiIsInVzZXJuYW1lIjoiaW9uaW9uZXNjdSIsImV4cCI6MTc0NTk4ODMyNn0.YdqFflcNz-RvD7ENAUra0LOIR5ydPzoS4xf0hIbpfzE"}
Request received: {"token":"eyJ0eXAiOiJKV1QiLCJhbGciOiJIUzI1NiJ9.eyJ1c2VyX2lkIjoiMSIsInVzZXJuYW1lIjoiYWxleG1paGFpIiwiZXhwIjoxNzQ1OTg4MjgzfQ.r-jyrRdnP9sF4qRtnrozfFx02CRGc6xu_6y69INcudU"}
Request received: {"token":"eyJ0eXAiOiJKV1QiLCJhbGciOiJIUzI1NiJ9.eyJ1c2VyX2lkIjoiMSIsInVzZXJuYW1lIjoiYWxleG1paGFpIiwiZXhwIjoxNzQ1OTg4MjgzfQ.r-jyrRdnP9sF4qRtnrozfFx02CRGc6xu_6y69INcudU"}
Request received: {"token":"eyJ0eXAiOiJKV1QiLCJhbGciOiJIUzI1NiJ9.eyJ1c2VyX2lkIjoiMiIsInVzZXJuYW1lIjoiaW9uaW9uZXNjdSIsImV4cCI6MTc0NTk4ODMyNn0.YdqFflcNz-RvD7ENAUra0LOIR5ydPzoS4xf0hIbpfzE"}
Request received: {"token":"eyJ0eXAiOiJKV1QiLCJhbGciOiJIUzI1NiJ9.eyJ1c2VyX2lkIjoiMiIsInVzZXJuYW1lIjoiaW9uaW9uZXNjdSIsImV4cCI6MTc0NTk4ODMyNn0.YdqFflcNz-RvD7ENAUra0LOIR5ydPzoS4xf0hIbpfzE"}
Request received: {"token":"eyJ0eXAiOiJKV1QiLCJhbGciOiJIUzI1NiJ9.eyJ1c2VyX2lkIjoiMSIsInVzZXJuYW1lIjoiYWxleG1paGFpIiwiZXhwIjoxNzQ1OTg4MjgzfQ.r-jyrRdnP9sF4qRtnrozfFx02CRGc6xu_6y69INcudU"}
Request received: {"token":"eyJ0eXAiOiJKV1QiLCJhbGciOiJIUzI1NiJ9.eyJ1c2VyX2lkIjoiMSIsInVzZXJuYW1lIjoiYWxleG1paGFpIiwiZXhwIjoxNzQ1OTg4MjgzfQ.r-jyrRdnP9sF4qRtnrozfFx02CRGc6xu_6y69INcudU"}
Request received: {"token":"eyJ0eXAiOiJKV1QiLCJhbGciOiJIUzI1NiJ9.eyJ1c2VyX2lkIjoiMiIsInVzZXJuYW1lIjoiaW9uaW9uZXNjdSIsImV4cCI6MTc0NTk4ODMyNn0.YdqFflcNz-RvD7ENAUra0LOIR5ydPzoS4xf0hIbpfzE"}
Request received: {"token":"eyJ0eXAiOiJKV1QiLCJhbGciOiJIUzI1NiJ9.eyJ1c2VyX2lkIjoiMiIsInVzZXJuYW1lIjoiaW9uaW9uZXNjdSIsImV4cCI6MTc0NTk4ODMyNn0.YdqFflcNz-RvD7ENAUra0LOIR5ydPzoS4xf0hIbpfzE"}
Request received: {"token":"eyJ0eXAiOiJKV1QiLCJhbGciOiJIUzI1NiJ9.eyJ1c2VyX2lkIjoiMSIsInVzZXJuYW1lIjoiYWxleG1paGFpIiwiZXhwIjoxNzQ1OTg4MjgzfQ.r-jyrRdnP9sF4qRtnrozfFx02CRGc6xu_6y69INcudU"}
Request received: {"token":"eyJ0eXAiOiJKV1QiLCJhbGciOiJIUzI1NiJ9.eyJ1c2VyX2lkIjoiMSIsInVzZXJuYW1lIjoiYWxleG1paGFpIiwiZXhwIjoxNzQ1OTg4MjgzfQ.r-jyrRdnP9sF4qRtnrozfFx02CRGc6xu_6y69INcudU"}
Request received: {"token":"eyJ0eXAiOiJKV1QiLCJhbGciOiJIUzI1NiJ9.eyJ1c2VyX2lkIjoiMiIsInVzZXJuYW1lIjoiaW9uaW9uZXNjdSIsImV4cCI6MTc0NTk4ODMyNn0.YdqFflcNz-RvD7ENAUra0LOIR5ydPzoS4xf0hIbpfzE"}
Request received: {"token":"eyJ0eXAiOiJKV1QiLCJhbGciOiJIUzI1NiJ9.eyJ1c2VyX2lkIjoiMiIsInVzZXJuYW1lIjoiaW9uaW9uZXNjdSIsImV4cCI6MTc0NTk4ODMyNn0.YdqFflcNz-RvD7ENAUra0LOIR5ydPzoS4xf0hIbpfzE"}
Request received: {"token":"eyJ0eXAiOiJKV1QiLCJhbGciOiJIUzI1NiJ9.eyJ1c2VyX2lkIjoiMSIsInVzZXJuYW1lIjoiYWxleG1paGFpIiwiZXhwIjoxNzQ1OTg4MjgzfQ.r-jyrRdnP9sF4qRtnrozfFx02CRGc6xu_6y69INcudU"}
Request received: {"token":"eyJ0eXAiOiJKV1QiLCJhbGciOiJIUzI1NiJ9.eyJ1c2VyX2lkIjoiMSIsInVzZXJuYW1lIjoiYWxleG1paGFpIiwiZXhwIjoxNzQ1OTg4MjgzfQ.r-jyrRdnP9sF4qRtnrozfFx02CRGc6xu_6y69INcudU"}
Request received: {"token":"eyJ0eXAiOiJKV1QiLCJhbGciOiJIUzI1NiJ9.eyJ1c2VyX2lkIjoiMiIsInVzZXJuYW1lIjoiaW9uaW9uZXNjdSIsImV4cCI6MTc0NTk4ODMyNn0.YdqFflcNz-RvD7ENAUra0LOIR5ydPzoS4xf0hIbpfzE"}
Request received: {"token":"eyJ0eXAiOiJKV1QiLCJhbGciOiJIUzI1NiJ9.eyJ1c2VyX2lkIjoiMiIsInVzZXJuYW1lIjoiaW9uaW9uZXNjdSIsImV4cCI6MTc0NTk4ODMyNn0.YdqFflcNz-RvD7ENAUra0LOIR5ydPzoS4xf0hIbpfzE"}
Request received: {"token":"eyJ0eXAiOiJKV1QiLCJhbGciOiJIUzI1NiJ9.eyJ1c2VyX2lkIjoiMSIsInVzZXJuYW1lIjoiYWxleG1paGFpIiwiZXhwIjoxNzQ1OTg4MjgzfQ.r-jyrRdnP9sF4qRtnrozfFx02CRGc6xu_6y69INcudU"}
Request received: {"token":"eyJ0eXAiOiJKV1QiLCJhbGciOiJIUzI1NiJ9.eyJ1c2VyX2lkIjoiMSIsInVzZXJuYW1lIjoiYWxleG1paGFpIiwiZXhwIjoxNzQ1OTg4MjgzfQ.r-jyrRdnP9sF4qRtnrozfFx02CRGc6xu_6y69INcudU"}
Request received: {"token":"eyJ0eXAiOiJKV1QiLCJhbGciOiJIUzI1NiJ9.eyJ1c2VyX2lkIjoiMiIsInVzZXJuYW1lIjoiaW9uaW9uZXNjdSIsImV4cCI6MTc0NTk4ODMyNn0.YdqFflcNz-RvD7ENAUra0LOIR5ydPzoS4xf0hIbpfzE"}
Request received: {"token":"eyJ0eXAiOiJKV1QiLCJhbGciOiJIUzI1NiJ9.eyJ1c2VyX2lkIjoiMiIsInVzZXJuYW1lIjoiaW9uaW9uZXNjdSIsImV4cCI6MTc0NTk4ODMyNn0.YdqFflcNz-RvD7ENAUra0LOIR5ydPzoS4xf0hIbpfzE"}
Request received: {"token":"eyJ0eXAiOiJKV1QiLCJhbGciOiJIUzI1NiJ9.eyJ1c2VyX2lkIjoiMSIsInVzZXJuYW1lIjoiYWxleG1paGFpIiwiZXhwIjoxNzQ1OTg4MjgzfQ.r-jyrRdnP9sF4qRtnrozfFx02CRGc6xu_6y69INcudU"}
Request received: {"token":"eyJ0eXAiOiJKV1QiLCJhbGciOiJIUzI1NiJ9.eyJ1c2VyX2lkIjoiMSIsInVzZXJuYW1lIjoiYWxleG1paGFpIiwiZXhwIjoxNzQ1OTg4MjgzfQ.r-jyrRdnP9sF4qRtnrozfFx02CRGc6xu_6y69INcudU"}
Request received: {"token":"eyJ0eXAiOiJKV1QiLCJhbGciOiJIUzI1NiJ9.eyJ1c2VyX2lkIjoiMiIsInVzZXJuYW1lIjoiaW9uaW9uZXNjdSIsImV4cCI6MTc0NTk4ODMyNn0.YdqFflcNz-RvD7ENAUra0LOIR5ydPzoS4xf0hIbpfzE"}
Request received: {"token":"eyJ0eXAiOiJKV1QiLCJhbGciOiJIUzI1NiJ9.eyJ1c2VyX2lkIjoiMiIsInVzZXJuYW1lIjoiaW9uaW9uZXNjdSIsImV4cCI6MTc0NTk4ODMyNn0.YdqFflcNz-RvD7ENAUra0LOIR5ydPzoS4xf0hIbpfzE"}
Request received: {"token":"eyJ0eXAiOiJKV1QiLCJhbGciOiJIUzI1NiJ9.eyJ1c2VyX2lkIjoiMSIsInVzZXJuYW1lIjoiYWxleG1paGFpIiwiZXhwIjoxNzQ1OTg4MjgzfQ.r-jyrRdnP9sF4qRtnrozfFx02CRGc6xu_6y69INcudU"}
Request received: {"token":"eyJ0eXAiOiJKV1QiLCJhbGciOiJIUzI1NiJ9.eyJ1c2VyX2lkIjoiMSIsInVzZXJuYW1lIjoiYWxleG1paGFpIiwiZXhwIjoxNzQ1OTg4MjgzfQ.r-jyrRdnP9sF4qRtnrozfFx02CRGc6xu_6y69INcudU"}
Request received: {"token":"eyJ0eXAiOiJKV1QiLCJhbGciOiJIUzI1NiJ9.eyJ1c2VyX2lkIjoiMiIsInVzZXJuYW1lIjoiaW9uaW9uZXNjdSIsImV4cCI6MTc0NTk4ODMyNn0.YdqFflcNz-RvD7ENAUra0LOIR5ydPzoS4xf0hIbpfzE"}
Request received: {"token":"eyJ0eXAiOiJKV1QiLCJhbGciOiJIUzI1NiJ9.eyJ1c2VyX2lkIjoiMiIsInVzZXJuYW1lIjoiaW9uaW9uZXNjdSIsImV4cCI6MTc0NTk4ODMyNn0.YdqFflcNz-RvD7ENAUra0LOIR5ydPzoS4xf0hIbpfzE"}
Request received: {"token":"eyJ0eXAiOiJKV1QiLCJhbGciOiJIUzI1NiJ9.eyJ1c2VyX2lkIjoiMSIsInVzZXJuYW1lIjoiYWxleG1paGFpIiwiZXhwIjoxNzQ1OTg4MjgzfQ.r-jyrRdnP9sF4qRtnrozfFx02CRGc6xu_6y69INcudU"}
Request received: {"token":"eyJ0eXAiOiJKV1QiLCJhbGciOiJIUzI1NiJ9.eyJ1c2VyX2lkIjoiMSIsInVzZXJuYW1lIjoiYWxleG1paGFpIiwiZXhwIjoxNzQ1OTg4MjgzfQ.r-jyrRdnP9sF4qRtnrozfFx02CRGc6xu_6y69INcudU"}
Request received: {"token":"eyJ0eXAiOiJKV1QiLCJhbGciOiJIUzI1NiJ9.eyJ1c2VyX2lkIjoiMiIsInVzZXJuYW1lIjoiaW9uaW9uZXNjdSIsImV4cCI6MTc0NTk4ODMyNn0.YdqFflcNz-RvD7ENAUra0LOIR5ydPzoS4xf0hIbpfzE"}
Request received: {"token":"eyJ0eXAiOiJKV1QiLCJhbGciOiJIUzI1NiJ9.eyJ1c2VyX2lkIjoiMSIsInVzZXJuYW1lIjoiYWxleG1paGFpIiwiZXhwIjoxNzQ1OTg4MjgzfQ.r-jyrRdnP9sF4qRtnrozfFx02CRGc6xu_6y69INcudU"}
Request received: {"token":"eyJ0eXAiOiJKV1QiLCJhbGciOiJIUzI1NiJ9.eyJ1c2VyX2lkIjoiMiIsInVzZXJuYW1lIjoiaW9uaW9uZXNjdSIsImV4cCI6MTc0NTk4ODMyNn0.YdqFflcNz-RvD7ENAUra0LOIR5ydPzoS4xf0hIbpfzE"}
Request received: {"token":"eyJ0eXAiOiJKV1QiLCJhbGciOiJIUzI1NiJ9.eyJ1c2VyX2lkIjoiMSIsInVzZXJuYW1lIjoiYWxleG1paGFpIiwiZXhwIjoxNzQ1OTg4MjgzfQ.r-jyrRdnP9sF4qRtnrozfFx02CRGc6xu_6y69INcudU"}
Request received: {"token":"eyJ0eXAiOiJKV1QiLCJhbGciOiJIUzI1NiJ9.eyJ1c2VyX2lkIjoiMiIsInVzZXJuYW1lIjoiaW9uaW9uZXNjdSIsImV4cCI6MTc0NTk4ODMyNn0.YdqFflcNz-RvD7ENAUra0LOIR5ydPzoS4xf0hIbpfzE"}
Request received: {"token":"eyJ0eXAiOiJKV1QiLCJhbGciOiJIUzI1NiJ9.eyJ1c2VyX2lkIjoiMiIsInVzZXJuYW1lIjoiaW9uaW9uZXNjdSIsImV4cCI6MTc0NTk4ODMyNn0.YdqFflcNz-RvD7ENAUra0LOIR5ydPzoS4xf0hIbpfzE"}
Request received: {"token":"eyJ0eXAiOiJKV1QiLCJhbGciOiJIUzI1NiJ9.eyJ1c2VyX2lkIjoiMSIsInVzZXJuYW1lIjoiYWxleG1paGFpIiwiZXhwIjoxNzQ1OTg4MjgzfQ.r-jyrRdnP9sF4qRtnrozfFx02CRGc6xu_6y69INcudU"}
Request received: {"token":"eyJ0eXAiOiJKV1QiLCJhbGciOiJIUzI1NiJ9.eyJ1c2VyX2lkIjoiMSIsInVzZXJuYW1lIjoiYWxleG1paGFpIiwiZXhwIjoxNzQ1OTg4MjgzfQ.r-jyrRdnP9sF4qRtnrozfFx02CRGc6xu_6y69INcudU"}
Request received: {"token":"eyJ0eXAiOiJKV1QiLCJhbGciOiJIUzI1NiJ9.eyJ1c2VyX2lkIjoiMiIsInVzZXJuYW1lIjoiaW9uaW9uZXNjdSIsImV4cCI6MTc0NTk4ODMyNn0.YdqFflcNz-RvD7ENAUra0LOIR5ydPzoS4xf0hIbpfzE"}
Request received: {"token":"eyJ0eXAiOiJKV1QiLCJhbGciOiJIUzI1NiJ9.eyJ1c2VyX2lkIjoiMiIsInVzZXJuYW1lIjoiaW9uaW9uZXNjdSIsImV4cCI6MTc0NTk4ODMyNn0.YdqFflcNz-RvD7ENAUra0LOIR5ydPzoS4xf0hIbpfzE"}
Request received: {"token":"eyJ0eXAiOiJKV1QiLCJhbGciOiJIUzI1NiJ9.eyJ1c2VyX2lkIjoiMSIsInVzZXJuYW1lIjoiYWxleG1paGFpIiwiZXhwIjoxNzQ1OTg4MjgzfQ.r-jyrRdnP9sF4qRtnrozfFx02CRGc6xu_6y69INcudU"}
Request received: {"token":"eyJ0eXAiOiJKV1QiLCJhbGciOiJIUzI1NiJ9.eyJ1c2VyX2lkIjoiMSIsInVzZXJuYW1lIjoiYWxleG1paGFpIiwiZXhwIjoxNzQ1OTg4MjgzfQ.r-jyrRdnP9sF4qRtnrozfFx02CRGc6xu_6y69INcudU"}
Request received: {"token":"eyJ0eXAiOiJKV1QiLCJhbGciOiJIUzI1NiJ9.eyJ1c2VyX2lkIjoiMiIsInVzZXJuYW1lIjoiaW9uaW9uZXNjdSIsImV4cCI6MTc0NTk4ODMyNn0.YdqFflcNz-RvD7ENAUra0LOIR5ydPzoS4xf0hIbpfzE"}
Request received: {"token":"eyJ0eXAiOiJKV1QiLCJhbGciOiJIUzI1NiJ9.eyJ1c2VyX2lkIjoiMiIsInVzZXJuYW1lIjoiaW9uaW9uZXNjdSIsImV4cCI6MTc0NTk4ODMyNn0.YdqFflcNz-RvD7ENAUra0LOIR5ydPzoS4xf0hIbpfzE"}
Request received: {"token":"eyJ0eXAiOiJKV1QiLCJhbGciOiJIUzI1NiJ9.eyJ1c2VyX2lkIjoiMSIsInVzZXJuYW1lIjoiYWxleG1paGFpIiwiZXhwIjoxNzQ1OTg4MjgzfQ.r-jyrRdnP9sF4qRtnrozfFx02CRGc6xu_6y69INcudU"}
Request received: {"token":"eyJ0eXAiOiJKV1QiLCJhbGciOiJIUzI1NiJ9.eyJ1c2VyX2lkIjoiMSIsInVzZXJuYW1lIjoiYWxleG1paGFpIiwiZXhwIjoxNzQ1OTg4MjgzfQ.r-jyrRdnP9sF4qRtnrozfFx02CRGc6xu_6y69INcudU"}
Request received: {"token":"eyJ0eXAiOiJKV1QiLCJhbGciOiJIUzI1NiJ9.eyJ1c2VyX2lkIjoiMiIsInVzZXJuYW1lIjoiaW9uaW9uZXNjdSIsImV4cCI6MTc0NTk4ODMyNn0.YdqFflcNz-RvD7ENAUra0LOIR5ydPzoS4xf0hIbpfzE"}
Request received: {"token":"eyJ0eXAiOiJKV1QiLCJhbGciOiJIUzI1NiJ9.eyJ1c2VyX2lkIjoiMiIsInVzZXJuYW1lIjoiaW9uaW9uZXNjdSIsImV4cCI6MTc0NTk4ODMyNn0.YdqFflcNz-RvD7ENAUra0LOIR5ydPzoS4xf0hIbpfzE"}
Request received: {"token":"eyJ0eXAiOiJKV1QiLCJhbGciOiJIUzI1NiJ9.eyJ1c2VyX2lkIjoiMSIsInVzZXJuYW1lIjoiYWxleG1paGFpIiwiZXhwIjoxNzQ1OTg4MjgzfQ.r-jyrRdnP9sF4qRtnrozfFx02CRGc6xu_6y69INcudU"}
Request received: {"token":"eyJ0eXAiOiJKV1QiLCJhbGciOiJIUzI1NiJ9.eyJ1c2VyX2lkIjoiMSIsInVzZXJuYW1lIjoiYWxleG1paGFpIiwiZXhwIjoxNzQ1OTg4MjgzfQ.r-jyrRdnP9sF4qRtnrozfFx02CRGc6xu_6y69INcudU"}
Request received: {"token":"eyJ0eXAiOiJKV1QiLCJhbGciOiJIUzI1NiJ9.eyJ1c2VyX2lkIjoiMiIsInVzZXJuYW1lIjoiaW9uaW9uZXNjdSIsImV4cCI6MTc0NTk4ODMyNn0.YdqFflcNz-RvD7ENAUra0LOIR5ydPzoS4xf0hIbpfzE"}
Request received: {"token":"eyJ0eXAiOiJKV1QiLCJhbGciOiJIUzI1NiJ9.eyJ1c2VyX2lkIjoiMiIsInVzZXJuYW1lIjoiaW9uaW9uZXNjdSIsImV4cCI6MTc0NTk4ODMyNn0.YdqFflcNz-RvD7ENAUra0LOIR5ydPzoS4xf0hIbpfzE"}
Request received: {"token":"eyJ0eXAiOiJKV1QiLCJhbGciOiJIUzI1NiJ9.eyJ1c2VyX2lkIjoiMSIsInVzZXJuYW1lIjoiYWxleG1paGFpIiwiZXhwIjoxNzQ1OTg4MjgzfQ.r-jyrRdnP9sF4qRtnrozfFx02CRGc6xu_6y69INcudU"}
Request received: {"token":"eyJ0eXAiOiJKV1QiLCJhbGciOiJIUzI1NiJ9.eyJ1c2VyX2lkIjoiMSIsInVzZXJuYW1lIjoiYWxleG1paGFpIiwiZXhwIjoxNzQ1OTg4MjgzfQ.r-jyrRdnP9sF4qRtnrozfFx02CRGc6xu_6y69INcudU"}
Request received: {"token":"eyJ0eXAiOiJKV1QiLCJhbGciOiJIUzI1NiJ9.eyJ1c2VyX2lkIjoiMiIsInVzZXJuYW1lIjoiaW9uaW9uZXNjdSIsImV4cCI6MTc0NTk4ODMyNn0.YdqFflcNz-RvD7ENAUra0LOIR5ydPzoS4xf0hIbpfzE"}
Request received: {"token":"eyJ0eXAiOiJKV1QiLCJhbGciOiJIUzI1NiJ9.eyJ1c2VyX2lkIjoiMiIsInVzZXJuYW1lIjoiaW9uaW9uZXNjdSIsImV4cCI6MTc0NTk4ODMyNn0.YdqFflcNz-RvD7ENAUra0LOIR5ydPzoS4xf0hIbpfzE"}
Request received: {"token":"eyJ0eXAiOiJKV1QiLCJhbGciOiJIUzI1NiJ9.eyJ1c2VyX2lkIjoiMSIsInVzZXJuYW1lIjoiYWxleG1paGFpIiwiZXhwIjoxNzQ1OTg4MjgzfQ.r-jyrRdnP9sF4qRtnrozfFx02CRGc6xu_6y69INcudU"}
Request received: {"token":"eyJ0eXAiOiJKV1QiLCJhbGciOiJIUzI1NiJ9.eyJ1c2VyX2lkIjoiMSIsInVzZXJuYW1lIjoiYWxleG1paGFpIiwiZXhwIjoxNzQ1OTg4MjgzfQ.r-jyrRdnP9sF4qRtnrozfFx02CRGc6xu_6y69INcudU"}
Request received: {"token":"eyJ0eXAiOiJKV1QiLCJhbGciOiJIUzI1NiJ9.eyJ1c2VyX2lkIjoiMiIsInVzZXJuYW1lIjoiaW9uaW9uZXNjdSIsImV4cCI6MTc0NTk4ODMyNn0.YdqFflcNz-RvD7ENAUra0LOIR5ydPzoS4xf0hIbpfzE"}
Request received: {"token":"eyJ0eXAiOiJKV1QiLCJhbGciOiJIUzI1NiJ9.eyJ1c2VyX2lkIjoiMiIsInVzZXJuYW1lIjoiaW9uaW9uZXNjdSIsImV4cCI6MTc0NTk4ODMyNn0.YdqFflcNz-RvD7ENAUra0LOIR5ydPzoS4xf0hIbpfzE"}
Request received: {"token":"eyJ0eXAiOiJKV1QiLCJhbGciOiJIUzI1NiJ9.eyJ1c2VyX2lkIjoiMSIsInVzZXJuYW1lIjoiYWxleG1paGFpIiwiZXhwIjoxNzQ1OTg4MjgzfQ.r-jyrRdnP9sF4qRtnrozfFx02CRGc6xu_6y69INcudU"}
Invalid token: Expired token
Request received: {"token":"eyJ0eXAiOiJKV1QiLCJhbGciOiJIUzI1NiJ9.eyJ1c2VyX2lkIjoiMiIsInVzZXJuYW1lIjoiaW9uaW9uZXNjdSIsImV4cCI6MTc0NTk4ODMyNn0.YdqFflcNz-RvD7ENAUra0LOIR5ydPzoS4xf0hIbpfzE"}
Invalid token: Expired token
Request received: {"token":"eyJ0eXAiOiJKV1QiLCJhbGciOiJIUzI1NiJ9.eyJ1c2VyX2lkIjoxLCJ1c2VybmFtZSI6ImFsZXhtaWhhaSIsImV4cCI6MTc0NTk5MjA5MX0.qBsWhltWTZ-56DtuiA9qiZmwsKi9UQ61IZ9BbiHDTJQ"}
Request received: {"token":"eyJ0eXAiOiJKV1QiLCJhbGciOiJIUzI1NiJ9.eyJ1c2VyX2lkIjoxLCJ1c2VybmFtZSI6ImFsZXhtaWhhaSIsImV4cCI6MTc0NTk5MjA5MX0.qBsWhltWTZ-56DtuiA9qiZmwsKi9UQ61IZ9BbiHDTJQ"}
Request received: {"token":"eyJ0eXAiOiJKV1QiLCJhbGciOiJIUzI1NiJ9.eyJ1c2VyX2lkIjoxLCJ1c2VybmFtZSI6ImFsZXhtaWhhaSIsImV4cCI6MTc0NTk5MjA5MX0.qBsWhltWTZ-56DtuiA9qiZmwsKi9UQ61IZ9BbiHDTJQ"}
Request received: {"token":"eyJ0eXAiOiJKV1QiLCJhbGciOiJIUzI1NiJ9.eyJ1c2VyX2lkIjoxLCJ1c2VybmFtZSI6ImFsZXhtaWhhaSIsImV4cCI6MTc0NTk5MjA5MX0.qBsWhltWTZ-56DtuiA9qiZmwsKi9UQ61IZ9BbiHDTJQ"}
Request received: {"token":"eyJ0eXAiOiJKV1QiLCJhbGciOiJIUzI1NiJ9.eyJ1c2VyX2lkIjoxLCJ1c2VybmFtZSI6ImFsZXhtaWhhaSIsImV4cCI6MTc0NTk5MjA5MX0.qBsWhltWTZ-56DtuiA9qiZmwsKi9UQ61IZ9BbiHDTJQ"}
Request received: {"token":"eyJ0eXAiOiJKV1QiLCJhbGciOiJIUzI1NiJ9.eyJ1c2VyX2lkIjoxLCJ1c2VybmFtZSI6ImFsZXhtaWhhaSIsImV4cCI6MTc0NTk5MjA5MX0.qBsWhltWTZ-56DtuiA9qiZmwsKi9UQ61IZ9BbiHDTJQ"}
Request received: {"token":"eyJ0eXAiOiJKV1QiLCJhbGciOiJIUzI1NiJ9.eyJ1c2VyX2lkIjoxLCJ1c2VybmFtZSI6ImFsZXhtaWhhaSIsImV4cCI6MTc0NTk5MjA5MX0.qBsWhltWTZ-56DtuiA9qiZmwsKi9UQ61IZ9BbiHDTJQ"}
Request received: {"token":"eyJ0eXAiOiJKV1QiLCJhbGciOiJIUzI1NiJ9.eyJ1c2VyX2lkIjoxLCJ1c2VybmFtZSI6ImFsZXhtaWhhaSIsImV4cCI6MTc0NTk5MjA5MX0.qBsWhltWTZ-56DtuiA9qiZmwsKi9UQ61IZ9BbiHDTJQ"}
Request received: {"token":"eyJ0eXAiOiJKV1QiLCJhbGciOiJIUzI1NiJ9.eyJ1c2VyX2lkIjoxLCJ1c2VybmFtZSI6ImFsZXhtaWhhaSIsImV4cCI6MTc0NTk5MjA5MX0.qBsWhltWTZ-56DtuiA9qiZmwsKi9UQ61IZ9BbiHDTJQ"}
Request received: {"token":"eyJ0eXAiOiJKV1QiLCJhbGciOiJIUzI1NiJ9.eyJ1c2VyX2lkIjoxLCJ1c2VybmFtZSI6ImFsZXhtaWhhaSIsImV4cCI6MTc0NTk5MjA5MX0.qBsWhltWTZ-56DtuiA9qiZmwsKi9UQ61IZ9BbiHDTJQ"}
Request received: {"token":"eyJ0eXAiOiJKV1QiLCJhbGciOiJIUzI1NiJ9.eyJ1c2VyX2lkIjoxLCJ1c2VybmFtZSI6ImFsZXhtaWhhaSIsImV4cCI6MTc0NTk5MjA5MX0.qBsWhltWTZ-56DtuiA9qiZmwsKi9UQ61IZ9BbiHDTJQ"}
Request received: {"token":"eyJ0eXAiOiJKV1QiLCJhbGciOiJIUzI1NiJ9.eyJ1c2VyX2lkIjoxLCJ1c2VybmFtZSI6ImFsZXhtaWhhaSIsImV4cCI6MTc0NTk5MjA5MX0.qBsWhltWTZ-56DtuiA9qiZmwsKi9UQ61IZ9BbiHDTJQ"}
Request received: {"token":"eyJ0eXAiOiJKV1QiLCJhbGciOiJIUzI1NiJ9.eyJ1c2VyX2lkIjoxLCJ1c2VybmFtZSI6ImFsZXhtaWhhaSIsImV4cCI6MTc0NTk5MjA5MX0.qBsWhltWTZ-56DtuiA9qiZmwsKi9UQ61IZ9BbiHDTJQ"}
Request received: {"token":"eyJ0eXAiOiJKV1QiLCJhbGciOiJIUzI1NiJ9.eyJ1c2VyX2lkIjoxLCJ1c2VybmFtZSI6ImFsZXhtaWhhaSIsImV4cCI6MTc0NTk5MjA5MX0.qBsWhltWTZ-56DtuiA9qiZmwsKi9UQ61IZ9BbiHDTJQ"}
Request received: {"token":"eyJ0eXAiOiJKV1QiLCJhbGciOiJIUzI1NiJ9.eyJ1c2VyX2lkIjoxLCJ1c2VybmFtZSI6ImFsZXhtaWhhaSIsImV4cCI6MTc0NTk5MjA5MX0.qBsWhltWTZ-56DtuiA9qiZmwsKi9UQ61IZ9BbiHDTJQ"}
Request received: {"token":"eyJ0eXAiOiJKV1QiLCJhbGciOiJIUzI1NiJ9.eyJ1c2VyX2lkIjoxLCJ1c2VybmFtZSI6ImFsZXhtaWhhaSIsImV4cCI6MTc0NTk5MjA5MX0.qBsWhltWTZ-56DtuiA9qiZmwsKi9UQ61IZ9BbiHDTJQ"}
Request received: {"token":"eyJ0eXAiOiJKV1QiLCJhbGciOiJIUzI1NiJ9.eyJ1c2VyX2lkIjoxLCJ1c2VybmFtZSI6ImFsZXhtaWhhaSIsImV4cCI6MTc0NTk5MjA5MX0.qBsWhltWTZ-56DtuiA9qiZmwsKi9UQ61IZ9BbiHDTJQ"}
Request received: {"token":"eyJ0eXAiOiJKV1QiLCJhbGciOiJIUzI1NiJ9.eyJ1c2VyX2lkIjoxLCJ1c2VybmFtZSI6ImFsZXhtaWhhaSIsImV4cCI6MTc0NTk5MjA5MX0.qBsWhltWTZ-56DtuiA9qiZmwsKi9UQ61IZ9BbiHDTJQ"}
Request received: {"token":"eyJ0eXAiOiJKV1QiLCJhbGciOiJIUzI1NiJ9.eyJ1c2VyX2lkIjoxLCJ1c2VybmFtZSI6ImFsZXhtaWhhaSIsImV4cCI6MTc0NTk5MjA5MX0.qBsWhltWTZ-56DtuiA9qiZmwsKi9UQ61IZ9BbiHDTJQ"}
Request received: {"token":"eyJ0eXAiOiJKV1QiLCJhbGciOiJIUzI1NiJ9.eyJ1c2VyX2lkIjoxLCJ1c2VybmFtZSI6ImFsZXhtaWhhaSIsImV4cCI6MTc0NTk5MjA5MX0.qBsWhltWTZ-56DtuiA9qiZmwsKi9UQ61IZ9BbiHDTJQ"}
Request received: {"token":"eyJ0eXAiOiJKV1QiLCJhbGciOiJIUzI1NiJ9.eyJ1c2VyX2lkIjoxLCJ1c2VybmFtZSI6ImFsZXhtaWhhaSIsImV4cCI6MTc0NTk5MjA5MX0.qBsWhltWTZ-56DtuiA9qiZmwsKi9UQ61IZ9BbiHDTJQ"}
Request received: {"token":"eyJ0eXAiOiJKV1QiLCJhbGciOiJIUzI1NiJ9.eyJ1c2VyX2lkIjoxLCJ1c2VybmFtZSI6ImFsZXhtaWhhaSIsImV4cCI6MTc0NTk5MjA5MX0.qBsWhltWTZ-56DtuiA9qiZmwsKi9UQ61IZ9BbiHDTJQ"}
Request received: {"token":"eyJ0eXAiOiJKV1QiLCJhbGciOiJIUzI1NiJ9.eyJ1c2VyX2lkIjoxLCJ1c2VybmFtZSI6ImFsZXhtaWhhaSIsImV4cCI6MTc0NTk5MjA5MX0.qBsWhltWTZ-56DtuiA9qiZmwsKi9UQ61IZ9BbiHDTJQ"}
Request received: {"token":"eyJ0eXAiOiJKV1QiLCJhbGciOiJIUzI1NiJ9.eyJ1c2VyX2lkIjoxLCJ1c2VybmFtZSI6ImFsZXhtaWhhaSIsImV4cCI6MTc0NTk5MjA5MX0.qBsWhltWTZ-56DtuiA9qiZmwsKi9UQ61IZ9BbiHDTJQ"}
Request received: {"token":"eyJ0eXAiOiJKV1QiLCJhbGciOiJIUzI1NiJ9.eyJ1c2VyX2lkIjoxLCJ1c2VybmFtZSI6ImFsZXhtaWhhaSIsImV4cCI6MTc0NTk5MjA5MX0.qBsWhltWTZ-56DtuiA9qiZmwsKi9UQ61IZ9BbiHDTJQ"}
Request received: {"token":"eyJ0eXAiOiJKV1QiLCJhbGciOiJIUzI1NiJ9.eyJ1c2VyX2lkIjoxLCJ1c2VybmFtZSI6ImFsZXhtaWhhaSIsImV4cCI6MTc0NTk5MjA5MX0.qBsWhltWTZ-56DtuiA9qiZmwsKi9UQ61IZ9BbiHDTJQ"}
Request received: {"token":"eyJ0eXAiOiJKV1QiLCJhbGciOiJIUzI1NiJ9.eyJ1c2VyX2lkIjoxLCJ1c2VybmFtZSI6ImFsZXhtaWhhaSIsImV4cCI6MTc0NTk5MjA5MX0.qBsWhltWTZ-56DtuiA9qiZmwsKi9UQ61IZ9BbiHDTJQ"}
Request received: {"token":"eyJ0eXAiOiJKV1QiLCJhbGciOiJIUzI1NiJ9.eyJ1c2VyX2lkIjoxLCJ1c2VybmFtZSI6ImFsZXhtaWhhaSIsImV4cCI6MTc0NTk5MjA5MX0.qBsWhltWTZ-56DtuiA9qiZmwsKi9UQ61IZ9BbiHDTJQ"}
Request received: {"token":"eyJ0eXAiOiJKV1QiLCJhbGciOiJIUzI1NiJ9.eyJ1c2VyX2lkIjoxLCJ1c2VybmFtZSI6ImFsZXhtaWhhaSIsImV4cCI6MTc0NTk5MjA5MX0.qBsWhltWTZ-56DtuiA9qiZmwsKi9UQ61IZ9BbiHDTJQ"}
Request received: {"token":"eyJ0eXAiOiJKV1QiLCJhbGciOiJIUzI1NiJ9.eyJ1c2VyX2lkIjoxLCJ1c2VybmFtZSI6ImFsZXhtaWhhaSIsImV4cCI6MTc0NTk5MjA5MX0.qBsWhltWTZ-56DtuiA9qiZmwsKi9UQ61IZ9BbiHDTJQ"}
Request received: {"token":"eyJ0eXAiOiJKV1QiLCJhbGciOiJIUzI1NiJ9.eyJ1c2VyX2lkIjoxLCJ1c2VybmFtZSI6ImFsZXhtaWhhaSIsImV4cCI6MTc0NTk5MjA5MX0.qBsWhltWTZ-56DtuiA9qiZmwsKi9UQ61IZ9BbiHDTJQ"}
Request received: {"token":"eyJ0eXAiOiJKV1QiLCJhbGciOiJIUzI1NiJ9.eyJ1c2VyX2lkIjoxLCJ1c2VybmFtZSI6ImFsZXhtaWhhaSIsImV4cCI6MTc0NTk5MjA5MX0.qBsWhltWTZ-56DtuiA9qiZmwsKi9UQ61IZ9BbiHDTJQ"}
Request received: {"token":"eyJ0eXAiOiJKV1QiLCJhbGciOiJIUzI1NiJ9.eyJ1c2VyX2lkIjoxLCJ1c2VybmFtZSI6ImFsZXhtaWhhaSIsImV4cCI6MTc0NTk5MjA5MX0.qBsWhltWTZ-56DtuiA9qiZmwsKi9UQ61IZ9BbiHDTJQ"}
Request received: {"token":"eyJ0eXAiOiJKV1QiLCJhbGciOiJIUzI1NiJ9.eyJ1c2VyX2lkIjoxLCJ1c2VybmFtZSI6ImFsZXhtaWhhaSIsImV4cCI6MTc0NTk5MjA5MX0.qBsWhltWTZ-56DtuiA9qiZmwsKi9UQ61IZ9BbiHDTJQ"}
Request received: {"token":"eyJ0eXAiOiJKV1QiLCJhbGciOiJIUzI1NiJ9.eyJ1c2VyX2lkIjoxLCJ1c2VybmFtZSI6ImFsZXhtaWhhaSIsImV4cCI6MTc0NTk5MjA5MX0.qBsWhltWTZ-56DtuiA9qiZmwsKi9UQ61IZ9BbiHDTJQ"}
Request received: {"token":"eyJ0eXAiOiJKV1QiLCJhbGciOiJIUzI1NiJ9.eyJ1c2VyX2lkIjoxLCJ1c2VybmFtZSI6ImFsZXhtaWhhaSIsImV4cCI6MTc0NTk5MjA5MX0.qBsWhltWTZ-56DtuiA9qiZmwsKi9UQ61IZ9BbiHDTJQ"}
Request received: {"token":"eyJ0eXAiOiJKV1QiLCJhbGciOiJIUzI1NiJ9.eyJ1c2VyX2lkIjoxLCJ1c2VybmFtZSI6ImFsZXhtaWhhaSIsImV4cCI6MTc0NTk5MjA5MX0.qBsWhltWTZ-56DtuiA9qiZmwsKi9UQ61IZ9BbiHDTJQ"}
Request received: {"token":"eyJ0eXAiOiJKV1QiLCJhbGciOiJIUzI1NiJ9.eyJ1c2VyX2lkIjoxLCJ1c2VybmFtZSI6ImFsZXhtaWhhaSIsImV4cCI6MTc0NTk5MjA5MX0.qBsWhltWTZ-56DtuiA9qiZmwsKi9UQ61IZ9BbiHDTJQ"}
Request received: {"token":"eyJ0eXAiOiJKV1QiLCJhbGciOiJIUzI1NiJ9.eyJ1c2VyX2lkIjoxLCJ1c2VybmFtZSI6ImFsZXhtaWhhaSIsImV4cCI6MTc0NTk5MjA5MX0.qBsWhltWTZ-56DtuiA9qiZmwsKi9UQ61IZ9BbiHDTJQ"}
Request received: {"token":"eyJ0eXAiOiJKV1QiLCJhbGciOiJIUzI1NiJ9.eyJ1c2VyX2lkIjoxLCJ1c2VybmFtZSI6ImFsZXhtaWhhaSIsImV4cCI6MTc0NTk5MjA5MX0.qBsWhltWTZ-56DtuiA9qiZmwsKi9UQ61IZ9BbiHDTJQ"}
Invalid token: Expired token
Request received: {"token":"eyJ0eXAiOiJKV1QiLCJhbGciOiJIUzI1NiJ9.eyJ1c2VyX2lkIjoxLCJ1c2VybmFtZSI6ImFsZXhtaWhhaSIsImV4cCI6MTc0NTk5NzMyNn0.35k2goGwidSe6ecoJIEkYfqQDeHmOylHPxWo1uz35tE"}
Request received: {"token":"eyJ0eXAiOiJKV1QiLCJhbGciOiJIUzI1NiJ9.eyJ1c2VyX2lkIjoxLCJ1c2VybmFtZSI6ImFsZXhtaWhhaSIsImV4cCI6MTc0NTk5NzMyNn0.35k2goGwidSe6ecoJIEkYfqQDeHmOylHPxWo1uz35tE"}
Request received: {"token":"eyJ0eXAiOiJKV1QiLCJhbGciOiJIUzI1NiJ9.eyJ1c2VyX2lkIjoxLCJ1c2VybmFtZSI6ImFsZXhtaWhhaSIsImV4cCI6MTc0NTk5NzMyNn0.35k2goGwidSe6ecoJIEkYfqQDeHmOylHPxWo1uz35tE"}
Request received: {"token":"eyJ0eXAiOiJKV1QiLCJhbGciOiJIUzI1NiJ9.eyJ1c2VyX2lkIjoxLCJ1c2VybmFtZSI6ImFsZXhtaWhhaSIsImV4cCI6MTc0NTk5NzMyNn0.35k2goGwidSe6ecoJIEkYfqQDeHmOylHPxWo1uz35tE"}
Request received: {"token":"eyJ0eXAiOiJKV1QiLCJhbGciOiJIUzI1NiJ9.eyJ1c2VyX2lkIjoxLCJ1c2VybmFtZSI6ImFsZXhtaWhhaSIsImV4cCI6MTc0NTk5NzMyNn0.35k2goGwidSe6ecoJIEkYfqQDeHmOylHPxWo1uz35tE"}
Request received: {"token":"eyJ0eXAiOiJKV1QiLCJhbGciOiJIUzI1NiJ9.eyJ1c2VyX2lkIjoxLCJ1c2VybmFtZSI6ImFsZXhtaWhhaSIsImV4cCI6MTc0NTk5NzMyNn0.35k2goGwidSe6ecoJIEkYfqQDeHmOylHPxWo1uz35tE"}
Request received: {"token":"eyJ0eXAiOiJKV1QiLCJhbGciOiJIUzI1NiJ9.eyJ1c2VyX2lkIjoxLCJ1c2VybmFtZSI6ImFsZXhtaWhhaSIsImV4cCI6MTc0NTk5NzMyNn0.35k2goGwidSe6ecoJIEkYfqQDeHmOylHPxWo1uz35tE"}
Request received: {"token":"eyJ0eXAiOiJKV1QiLCJhbGciOiJIUzI1NiJ9.eyJ1c2VyX2lkIjoxLCJ1c2VybmFtZSI6ImFsZXhtaWhhaSIsImV4cCI6MTc0NTk5NzMyNn0.35k2goGwidSe6ecoJIEkYfqQDeHmOylHPxWo1uz35tE"}
Request received: {"token":"eyJ0eXAiOiJKV1QiLCJhbGciOiJIUzI1NiJ9.eyJ1c2VyX2lkIjoxLCJ1c2VybmFtZSI6ImFsZXhtaWhhaSIsImV4cCI6MTc0NTk5NzMyNn0.35k2goGwidSe6ecoJIEkYfqQDeHmOylHPxWo1uz35tE"}
Request received: {"token":"eyJ0eXAiOiJKV1QiLCJhbGciOiJIUzI1NiJ9.eyJ1c2VyX2lkIjoxLCJ1c2VybmFtZSI6ImFsZXhtaWhhaSIsImV4cCI6MTc0NTk5NzMyNn0.35k2goGwidSe6ecoJIEkYfqQDeHmOylHPxWo1uz35tE"}
Request received: {"token":"eyJ0eXAiOiJKV1QiLCJhbGciOiJIUzI1NiJ9.eyJ1c2VyX2lkIjoxLCJ1c2VybmFtZSI6ImFsZXhtaWhhaSIsImV4cCI6MTc0NTk5NzMyNn0.35k2goGwidSe6ecoJIEkYfqQDeHmOylHPxWo1uz35tE"}
Request received: {"token":"eyJ0eXAiOiJKV1QiLCJhbGciOiJIUzI1NiJ9.eyJ1c2VyX2lkIjoxLCJ1c2VybmFtZSI6ImFsZXhtaWhhaSIsImV4cCI6MTc0NTk5NzMyNn0.35k2goGwidSe6ecoJIEkYfqQDeHmOylHPxWo1uz35tE"}
Request received: {"token":"eyJ0eXAiOiJKV1QiLCJhbGciOiJIUzI1NiJ9.eyJ1c2VyX2lkIjoxLCJ1c2VybmFtZSI6ImFsZXhtaWhhaSIsImV4cCI6MTc0NTk5NzMyNn0.35k2goGwidSe6ecoJIEkYfqQDeHmOylHPxWo1uz35tE"}
Request received: {"token":"eyJ0eXAiOiJKV1QiLCJhbGciOiJIUzI1NiJ9.eyJ1c2VyX2lkIjoxLCJ1c2VybmFtZSI6ImFsZXhtaWhhaSIsImV4cCI6MTc0NTk5NzMyNn0.35k2goGwidSe6ecoJIEkYfqQDeHmOylHPxWo1uz35tE"}
Request received: {"token":"eyJ0eXAiOiJKV1QiLCJhbGciOiJIUzI1NiJ9.eyJ1c2VyX2lkIjoxLCJ1c2VybmFtZSI6ImFsZXhtaWhhaSIsImV4cCI6MTc0NTk5NzMyNn0.35k2goGwidSe6ecoJIEkYfqQDeHmOylHPxWo1uz35tE"}
Request received: {"token":"eyJ0eXAiOiJKV1QiLCJhbGciOiJIUzI1NiJ9.eyJ1c2VyX2lkIjoxLCJ1c2VybmFtZSI6ImFsZXhtaWhhaSIsImV4cCI6MTc0NTk5NzMyNn0.35k2goGwidSe6ecoJIEkYfqQDeHmOylHPxWo1uz35tE"}
Request received: {"token":"eyJ0eXAiOiJKV1QiLCJhbGciOiJIUzI1NiJ9.eyJ1c2VyX2lkIjoxLCJ1c2VybmFtZSI6ImFsZXhtaWhhaSIsImV4cCI6MTc0NTk5NzMyNn0.35k2goGwidSe6ecoJIEkYfqQDeHmOylHPxWo1uz35tE"}
Request received: {"token":"eyJ0eXAiOiJKV1QiLCJhbGciOiJIUzI1NiJ9.eyJ1c2VyX2lkIjoxLCJ1c2VybmFtZSI6ImFsZXhtaWhhaSIsImV4cCI6MTc0NTk5NzMyNn0.35k2goGwidSe6ecoJIEkYfqQDeHmOylHPxWo1uz35tE"}
Request received: {"token":"eyJ0eXAiOiJKV1QiLCJhbGciOiJIUzI1NiJ9.eyJ1c2VyX2lkIjoxLCJ1c2VybmFtZSI6ImFsZXhtaWhhaSIsImV4cCI6MTc0NTk5NzMyNn0.35k2goGwidSe6ecoJIEkYfqQDeHmOylHPxWo1uz35tE"}
Request received: {"token":"eyJ0eXAiOiJKV1QiLCJhbGciOiJIUzI1NiJ9.eyJ1c2VyX2lkIjoxLCJ1c2VybmFtZSI6ImFsZXhtaWhhaSIsImV4cCI6MTc0NTk5NzMyNn0.35k2goGwidSe6ecoJIEkYfqQDeHmOylHPxWo1uz35tE"}
Request received: {"token":"eyJ0eXAiOiJKV1QiLCJhbGciOiJIUzI1NiJ9.eyJ1c2VyX2lkIjoxLCJ1c2VybmFtZSI6ImFsZXhtaWhhaSIsImV4cCI6MTc0NTk5NzMyNn0.35k2goGwidSe6ecoJIEkYfqQDeHmOylHPxWo1uz35tE"}
Request received: {"token":"eyJ0eXAiOiJKV1QiLCJhbGciOiJIUzI1NiJ9.eyJ1c2VyX2lkIjoxLCJ1c2VybmFtZSI6ImFsZXhtaWhhaSIsImV4cCI6MTc0NTk5NzMyNn0.35k2goGwidSe6ecoJIEkYfqQDeHmOylHPxWo1uz35tE"}
Request received: {"token":"eyJ0eXAiOiJKV1QiLCJhbGciOiJIUzI1NiJ9.eyJ1c2VyX2lkIjoxLCJ1c2VybmFtZSI6ImFsZXhtaWhhaSIsImV4cCI6MTc0NTk5NzMyNn0.35k2goGwidSe6ecoJIEkYfqQDeHmOylHPxWo1uz35tE"}
Request received: {"token":"eyJ0eXAiOiJKV1QiLCJhbGciOiJIUzI1NiJ9.eyJ1c2VyX2lkIjoxLCJ1c2VybmFtZSI6ImFsZXhtaWhhaSIsImV4cCI6MTc0NTk5NzMyNn0.35k2goGwidSe6ecoJIEkYfqQDeHmOylHPxWo1uz35tE"}
Request received: {"token":"eyJ0eXAiOiJKV1QiLCJhbGciOiJIUzI1NiJ9.eyJ1c2VyX2lkIjoxLCJ1c2VybmFtZSI6ImFsZXhtaWhhaSIsImV4cCI6MTc0NTk5NzMyNn0.35k2goGwidSe6ecoJIEkYfqQDeHmOylHPxWo1uz35tE"}
Invalid token: Expired token
Request received: {"token":"eyJ0eXAiOiJKV1QiLCJhbGciOiJIUzI1NiJ9.eyJ1c2VyX2lkIjoxLCJ1c2VybmFtZSI6ImFsZXhtaWhhaSIsImV4cCI6MTc0NjMxOTk2N30.jJMiEMOCapwxSM2rwbOiWRYN-3THOPLsMUcfGfMAeMM"}
Request received: {"token":"eyJ0eXAiOiJKV1QiLCJhbGciOiJIUzI1NiJ9.eyJ1c2VyX2lkIjoxLCJ1c2VybmFtZSI6ImFsZXhtaWhhaSIsImV4cCI6MTc0NjMxOTk2N30.jJMiEMOCapwxSM2rwbOiWRYN-3THOPLsMUcfGfMAeMM"}
Request received: {"token":"eyJ0eXAiOiJKV1QiLCJhbGciOiJIUzI1NiJ9.eyJ1c2VyX2lkIjoxLCJ1c2VybmFtZSI6ImFsZXhtaWhhaSIsImV4cCI6MTc0NjMxOTk2N30.jJMiEMOCapwxSM2rwbOiWRYN-3THOPLsMUcfGfMAeMM"}
Request received: {"token":"eyJ0eXAiOiJKV1QiLCJhbGciOiJIUzI1NiJ9.eyJ1c2VyX2lkIjoxLCJ1c2VybmFtZSI6ImFsZXhtaWhhaSIsImV4cCI6MTc0NjMxOTk2N30.jJMiEMOCapwxSM2rwbOiWRYN-3THOPLsMUcfGfMAeMM"}
Request received: {"token":"eyJ0eXAiOiJKV1QiLCJhbGciOiJIUzI1NiJ9.eyJ1c2VyX2lkIjoxLCJ1c2VybmFtZSI6ImFsZXhtaWhhaSIsImV4cCI6MTc0NjMxOTk2N30.jJMiEMOCapwxSM2rwbOiWRYN-3THOPLsMUcfGfMAeMM"}
Request received: {"token":"eyJ0eXAiOiJKV1QiLCJhbGciOiJIUzI1NiJ9.eyJ1c2VyX2lkIjoxLCJ1c2VybmFtZSI6ImFsZXhtaWhhaSIsImV4cCI6MTc0NjMxOTk2N30.jJMiEMOCapwxSM2rwbOiWRYN-3THOPLsMUcfGfMAeMM"}
Request received: {"token":"eyJ0eXAiOiJKV1QiLCJhbGciOiJIUzI1NiJ9.eyJ1c2VyX2lkIjoxLCJ1c2VybmFtZSI6ImFsZXhtaWhhaSIsImV4cCI6MTc0NjMxOTk2N30.jJMiEMOCapwxSM2rwbOiWRYN-3THOPLsMUcfGfMAeMM"}
Request received: {"token":"eyJ0eXAiOiJKV1QiLCJhbGciOiJIUzI1NiJ9.eyJ1c2VyX2lkIjoxLCJ1c2VybmFtZSI6ImFsZXhtaWhhaSIsImV4cCI6MTc0NjMxOTk2N30.jJMiEMOCapwxSM2rwbOiWRYN-3THOPLsMUcfGfMAeMM"}
Request received: {"token":"eyJ0eXAiOiJKV1QiLCJhbGciOiJIUzI1NiJ9.eyJ1c2VyX2lkIjoxLCJ1c2VybmFtZSI6ImFsZXhtaWhhaSIsImV4cCI6MTc0NjMxOTk2N30.jJMiEMOCapwxSM2rwbOiWRYN-3THOPLsMUcfGfMAeMM"}
Request received: {"token":"eyJ0eXAiOiJKV1QiLCJhbGciOiJIUzI1NiJ9.eyJ1c2VyX2lkIjoxLCJ1c2VybmFtZSI6ImFsZXhtaWhhaSIsImV4cCI6MTc0NjMxOTk2N30.jJMiEMOCapwxSM2rwbOiWRYN-3THOPLsMUcfGfMAeMM"}
Request received: {"token":"eyJ0eXAiOiJKV1QiLCJhbGciOiJIUzI1NiJ9.eyJ1c2VyX2lkIjoxLCJ1c2VybmFtZSI6ImFsZXhtaWhhaSIsImV4cCI6MTc0NjMxOTk2N30.jJMiEMOCapwxSM2rwbOiWRYN-3THOPLsMUcfGfMAeMM"}
Request received: {"token":"eyJ0eXAiOiJKV1QiLCJhbGciOiJIUzI1NiJ9.eyJ1c2VyX2lkIjoxLCJ1c2VybmFtZSI6ImFsZXhtaWhhaSIsImV4cCI6MTc0NjMxOTk2N30.jJMiEMOCapwxSM2rwbOiWRYN-3THOPLsMUcfGfMAeMM"}
Request received: {"token":"eyJ0eXAiOiJKV1QiLCJhbGciOiJIUzI1NiJ9.eyJ1c2VyX2lkIjoyLCJ1c2VybmFtZSI6ImlvbmlvbmVzY3UiLCJleHAiOjE3NDYzMjExMzR9.FMnPdhMRqFjlWb-o_VFBRcWYIbkqpFmNj0GBzjsu_gw"}
Request received: {"token":"eyJ0eXAiOiJKV1QiLCJhbGciOiJIUzI1NiJ9.eyJ1c2VyX2lkIjoxLCJ1c2VybmFtZSI6ImFsZXhtaWhhaSIsImV4cCI6MTc0NjMxOTk2N30.jJMiEMOCapwxSM2rwbOiWRYN-3THOPLsMUcfGfMAeMM"}
Request received: {"token":"eyJ0eXAiOiJKV1QiLCJhbGciOiJIUzI1NiJ9.eyJ1c2VyX2lkIjoyLCJ1c2VybmFtZSI6ImlvbmlvbmVzY3UiLCJleHAiOjE3NDYzMjExMzR9.FMnPdhMRqFjlWb-o_VFBRcWYIbkqpFmNj0GBzjsu_gw"}
Request received: {"token":"eyJ0eXAiOiJKV1QiLCJhbGciOiJIUzI1NiJ9.eyJ1c2VyX2lkIjoxLCJ1c2VybmFtZSI6ImFsZXhtaWhhaSIsImV4cCI6MTc0NjMxOTk2N30.jJMiEMOCapwxSM2rwbOiWRYN-3THOPLsMUcfGfMAeMM"}
Request received: {"token":"eyJ0eXAiOiJKV1QiLCJhbGciOiJIUzI1NiJ9.eyJ1c2VyX2lkIjoyLCJ1c2VybmFtZSI6ImlvbmlvbmVzY3UiLCJleHAiOjE3NDYzMjExMzR9.FMnPdhMRqFjlWb-o_VFBRcWYIbkqpFmNj0GBzjsu_gw"}
Request received: {"token":"eyJ0eXAiOiJKV1QiLCJhbGciOiJIUzI1NiJ9.eyJ1c2VyX2lkIjoxLCJ1c2VybmFtZSI6ImFsZXhtaWhhaSIsImV4cCI6MTc0NjMxOTk2N30.jJMiEMOCapwxSM2rwbOiWRYN-3THOPLsMUcfGfMAeMM"}
Request received: {"token":"eyJ0eXAiOiJKV1QiLCJhbGciOiJIUzI1NiJ9.eyJ1c2VyX2lkIjoyLCJ1c2VybmFtZSI6ImlvbmlvbmVzY3UiLCJleHAiOjE3NDYzMjExMzR9.FMnPdhMRqFjlWb-o_VFBRcWYIbkqpFmNj0GBzjsu_gw"}
Request received: {"token":"eyJ0eXAiOiJKV1QiLCJhbGciOiJIUzI1NiJ9.eyJ1c2VyX2lkIjoxLCJ1c2VybmFtZSI6ImFsZXhtaWhhaSIsImV4cCI6MTc0NjMxOTk2N30.jJMiEMOCapwxSM2rwbOiWRYN-3THOPLsMUcfGfMAeMM"}
Request received: {"token":"eyJ0eXAiOiJKV1QiLCJhbGciOiJIUzI1NiJ9.eyJ1c2VyX2lkIjoyLCJ1c2VybmFtZSI6ImlvbmlvbmVzY3UiLCJleHAiOjE3NDYzMjExMzR9.FMnPdhMRqFjlWb-o_VFBRcWYIbkqpFmNj0GBzjsu_gw"}
Request received: {"token":"eyJ0eXAiOiJKV1QiLCJhbGciOiJIUzI1NiJ9.eyJ1c2VyX2lkIjoyLCJ1c2VybmFtZSI6ImlvbmlvbmVzY3UiLCJleHAiOjE3NDYzMjExMzR9.FMnPdhMRqFjlWb-o_VFBRcWYIbkqpFmNj0GBzjsu_gw"}
Request received: {"token":"eyJ0eXAiOiJKV1QiLCJhbGciOiJIUzI1NiJ9.eyJ1c2VyX2lkIjoxLCJ1c2VybmFtZSI6ImFsZXhtaWhhaSIsImV4cCI6MTc0NjMxOTk2N30.jJMiEMOCapwxSM2rwbOiWRYN-3THOPLsMUcfGfMAeMM"}
Request received: {"token":"eyJ0eXAiOiJKV1QiLCJhbGciOiJIUzI1NiJ9.eyJ1c2VyX2lkIjoyLCJ1c2VybmFtZSI6ImlvbmlvbmVzY3UiLCJleHAiOjE3NDYzMjExMzR9.FMnPdhMRqFjlWb-o_VFBRcWYIbkqpFmNj0GBzjsu_gw"}
Request received: {"token":"eyJ0eXAiOiJKV1QiLCJhbGciOiJIUzI1NiJ9.eyJ1c2VyX2lkIjoxLCJ1c2VybmFtZSI6ImFsZXhtaWhhaSIsImV4cCI6MTc0NjMxOTk2N30.jJMiEMOCapwxSM2rwbOiWRYN-3THOPLsMUcfGfMAeMM"}
Request received: {"token":"eyJ0eXAiOiJKV1QiLCJhbGciOiJIUzI1NiJ9.eyJ1c2VyX2lkIjoxLCJ1c2VybmFtZSI6ImFsZXhtaWhhaSIsImV4cCI6MTc0NjMxOTk2N30.jJMiEMOCapwxSM2rwbOiWRYN-3THOPLsMUcfGfMAeMM"}
Request received: {"token":"eyJ0eXAiOiJKV1QiLCJhbGciOiJIUzI1NiJ9.eyJ1c2VyX2lkIjoyLCJ1c2VybmFtZSI6ImlvbmlvbmVzY3UiLCJleHAiOjE3NDYzMjExMzR9.FMnPdhMRqFjlWb-o_VFBRcWYIbkqpFmNj0GBzjsu_gw"}
Request received: {"token":"eyJ0eXAiOiJKV1QiLCJhbGciOiJIUzI1NiJ9.eyJ1c2VyX2lkIjoyLCJ1c2VybmFtZSI6ImlvbmlvbmVzY3UiLCJleHAiOjE3NDYzMjExMzR9.FMnPdhMRqFjlWb-o_VFBRcWYIbkqpFmNj0GBzjsu_gw"}
Request received: {"token":"eyJ0eXAiOiJKV1QiLCJhbGciOiJIUzI1NiJ9.eyJ1c2VyX2lkIjoyLCJ1c2VybmFtZSI6ImlvbmlvbmVzY3UiLCJleHAiOjE3NDYzMjExMzR9.FMnPdhMRqFjlWb-o_VFBRcWYIbkqpFmNj0GBzjsu_gw"}
Request received: {"token":"eyJ0eXAiOiJKV1QiLCJhbGciOiJIUzI1NiJ9.eyJ1c2VyX2lkIjoxLCJ1c2VybmFtZSI6ImFsZXhtaWhhaSIsImV4cCI6MTc0NjMxOTk2N30.jJMiEMOCapwxSM2rwbOiWRYN-3THOPLsMUcfGfMAeMM"}
Request received: {"token":"eyJ0eXAiOiJKV1QiLCJhbGciOiJIUzI1NiJ9.eyJ1c2VyX2lkIjoyLCJ1c2VybmFtZSI6ImlvbmlvbmVzY3UiLCJleHAiOjE3NDYzMjExMzR9.FMnPdhMRqFjlWb-o_VFBRcWYIbkqpFmNj0GBzjsu_gw"}
Request received: {"token":"eyJ0eXAiOiJKV1QiLCJhbGciOiJIUzI1NiJ9.eyJ1c2VyX2lkIjoyLCJ1c2VybmFtZSI6ImlvbmlvbmVzY3UiLCJleHAiOjE3NDYzMjExMzR9.FMnPdhMRqFjlWb-o_VFBRcWYIbkqpFmNj0GBzjsu_gw"}
Request received: {"token":"eyJ0eXAiOiJKV1QiLCJhbGciOiJIUzI1NiJ9.eyJ1c2VyX2lkIjoyLCJ1c2VybmFtZSI6ImlvbmlvbmVzY3UiLCJleHAiOjE3NDYzMjExMzR9.FMnPdhMRqFjlWb-o_VFBRcWYIbkqpFmNj0GBzjsu_gw"}
Request received: {"token":"eyJ0eXAiOiJKV1QiLCJhbGciOiJIUzI1NiJ9.eyJ1c2VyX2lkIjoxLCJ1c2VybmFtZSI6ImFsZXhtaWhhaSIsImV4cCI6MTc0NjMxOTk2N30.jJMiEMOCapwxSM2rwbOiWRYN-3THOPLsMUcfGfMAeMM"}
Request received: {"token":"eyJ0eXAiOiJKV1QiLCJhbGciOiJIUzI1NiJ9.eyJ1c2VyX2lkIjoyLCJ1c2VybmFtZSI6ImlvbmlvbmVzY3UiLCJleHAiOjE3NDYzMjExMzR9.FMnPdhMRqFjlWb-o_VFBRcWYIbkqpFmNj0GBzjsu_gw"}
Request received: {"token":"eyJ0eXAiOiJKV1QiLCJhbGciOiJIUzI1NiJ9.eyJ1c2VyX2lkIjoxLCJ1c2VybmFtZSI6ImFsZXhtaWhhaSIsImV4cCI6MTc0NjMxOTk2N30.jJMiEMOCapwxSM2rwbOiWRYN-3THOPLsMUcfGfMAeMM"}
Request received: {"token":"eyJ0eXAiOiJKV1QiLCJhbGciOiJIUzI1NiJ9.eyJ1c2VyX2lkIjoyLCJ1c2VybmFtZSI6ImlvbmlvbmVzY3UiLCJleHAiOjE3NDYzMjExMzR9.FMnPdhMRqFjlWb-o_VFBRcWYIbkqpFmNj0GBzjsu_gw"}
Request received: {"token":"eyJ0eXAiOiJKV1QiLCJhbGciOiJIUzI1NiJ9.eyJ1c2VyX2lkIjoxLCJ1c2VybmFtZSI6ImFsZXhtaWhhaSIsImV4cCI6MTc0NjMxOTk2N30.jJMiEMOCapwxSM2rwbOiWRYN-3THOPLsMUcfGfMAeMM"}
Request received: {"token":"eyJ0eXAiOiJKV1QiLCJhbGciOiJIUzI1NiJ9.eyJ1c2VyX2lkIjoyLCJ1c2VybmFtZSI6ImlvbmlvbmVzY3UiLCJleHAiOjE3NDYzMjExMzR9.FMnPdhMRqFjlWb-o_VFBRcWYIbkqpFmNj0GBzjsu_gw"}
Request received: {"token":"eyJ0eXAiOiJKV1QiLCJhbGciOiJIUzI1NiJ9.eyJ1c2VyX2lkIjoxLCJ1c2VybmFtZSI6ImFsZXhtaWhhaSIsImV4cCI6MTc0NjMxOTk2N30.jJMiEMOCapwxSM2rwbOiWRYN-3THOPLsMUcfGfMAeMM"}
Request received: {"token":"eyJ0eXAiOiJKV1QiLCJhbGciOiJIUzI1NiJ9.eyJ1c2VyX2lkIjoyLCJ1c2VybmFtZSI6ImlvbmlvbmVzY3UiLCJleHAiOjE3NDYzMjExMzR9.FMnPdhMRqFjlWb-o_VFBRcWYIbkqpFmNj0GBzjsu_gw"}
Request received: {"token":"eyJ0eXAiOiJKV1QiLCJhbGciOiJIUzI1NiJ9.eyJ1c2VyX2lkIjoxLCJ1c2VybmFtZSI6ImFsZXhtaWhhaSIsImV4cCI6MTc0NjMxOTk2N30.jJMiEMOCapwxSM2rwbOiWRYN-3THOPLsMUcfGfMAeMM"}
Request received: {"token":"eyJ0eXAiOiJKV1QiLCJhbGciOiJIUzI1NiJ9.eyJ1c2VyX2lkIjoyLCJ1c2VybmFtZSI6ImlvbmlvbmVzY3UiLCJleHAiOjE3NDYzMjExMzR9.FMnPdhMRqFjlWb-o_VFBRcWYIbkqpFmNj0GBzjsu_gw"}
Request received: {"token":"eyJ0eXAiOiJKV1QiLCJhbGciOiJIUzI1NiJ9.eyJ1c2VyX2lkIjoxLCJ1c2VybmFtZSI6ImFsZXhtaWhhaSIsImV4cCI6MTc0NjMxOTk2N30.jJMiEMOCapwxSM2rwbOiWRYN-3THOPLsMUcfGfMAeMM"}
Request received: {"token":"eyJ0eXAiOiJKV1QiLCJhbGciOiJIUzI1NiJ9.eyJ1c2VyX2lkIjoyLCJ1c2VybmFtZSI6ImlvbmlvbmVzY3UiLCJleHAiOjE3NDYzMjExMzR9.FMnPdhMRqFjlWb-o_VFBRcWYIbkqpFmNj0GBzjsu_gw"}
Request received: {"token":"eyJ0eXAiOiJKV1QiLCJhbGciOiJIUzI1NiJ9.eyJ1c2VyX2lkIjoxLCJ1c2VybmFtZSI6ImFsZXhtaWhhaSIsImV4cCI6MTc0NjMxOTk2N30.jJMiEMOCapwxSM2rwbOiWRYN-3THOPLsMUcfGfMAeMM"}
Request received: {"token":"eyJ0eXAiOiJKV1QiLCJhbGciOiJIUzI1NiJ9.eyJ1c2VyX2lkIjoyLCJ1c2VybmFtZSI6ImlvbmlvbmVzY3UiLCJleHAiOjE3NDYzMjExMzR9.FMnPdhMRqFjlWb-o_VFBRcWYIbkqpFmNj0GBzjsu_gw"}
Request received: {"token":"eyJ0eXAiOiJKV1QiLCJhbGciOiJIUzI1NiJ9.eyJ1c2VyX2lkIjoxLCJ1c2VybmFtZSI6ImFsZXhtaWhhaSIsImV4cCI6MTc0NjMxOTk2N30.jJMiEMOCapwxSM2rwbOiWRYN-3THOPLsMUcfGfMAeMM"}
Request received: {"token":"eyJ0eXAiOiJKV1QiLCJhbGciOiJIUzI1NiJ9.eyJ1c2VyX2lkIjoyLCJ1c2VybmFtZSI6ImlvbmlvbmVzY3UiLCJleHAiOjE3NDYzMjExMzR9.FMnPdhMRqFjlWb-o_VFBRcWYIbkqpFmNj0GBzjsu_gw"}
Request received: {"token":"eyJ0eXAiOiJKV1QiLCJhbGciOiJIUzI1NiJ9.eyJ1c2VyX2lkIjoxLCJ1c2VybmFtZSI6ImFsZXhtaWhhaSIsImV4cCI6MTc0NjMxOTk2N30.jJMiEMOCapwxSM2rwbOiWRYN-3THOPLsMUcfGfMAeMM"}
Request received: {"token":"eyJ0eXAiOiJKV1QiLCJhbGciOiJIUzI1NiJ9.eyJ1c2VyX2lkIjoyLCJ1c2VybmFtZSI6ImlvbmlvbmVzY3UiLCJleHAiOjE3NDYzMjExMzR9.FMnPdhMRqFjlWb-o_VFBRcWYIbkqpFmNj0GBzjsu_gw"}
Request received: {"token":"eyJ0eXAiOiJKV1QiLCJhbGciOiJIUzI1NiJ9.eyJ1c2VyX2lkIjoxLCJ1c2VybmFtZSI6ImFsZXhtaWhhaSIsImV4cCI6MTc0NjMxOTk2N30.jJMiEMOCapwxSM2rwbOiWRYN-3THOPLsMUcfGfMAeMM"}
Request received: {"token":"eyJ0eXAiOiJKV1QiLCJhbGciOiJIUzI1NiJ9.eyJ1c2VyX2lkIjoyLCJ1c2VybmFtZSI6ImlvbmlvbmVzY3UiLCJleHAiOjE3NDYzMjExMzR9.FMnPdhMRqFjlWb-o_VFBRcWYIbkqpFmNj0GBzjsu_gw"}
Request received: {"token":"eyJ0eXAiOiJKV1QiLCJhbGciOiJIUzI1NiJ9.eyJ1c2VyX2lkIjoxLCJ1c2VybmFtZSI6ImFsZXhtaWhhaSIsImV4cCI6MTc0NjMxOTk2N30.jJMiEMOCapwxSM2rwbOiWRYN-3THOPLsMUcfGfMAeMM"}
Request received: {"token":"eyJ0eXAiOiJKV1QiLCJhbGciOiJIUzI1NiJ9.eyJ1c2VyX2lkIjoyLCJ1c2VybmFtZSI6ImlvbmlvbmVzY3UiLCJleHAiOjE3NDYzMjExMzR9.FMnPdhMRqFjlWb-o_VFBRcWYIbkqpFmNj0GBzjsu_gw"}
Request received: {"token":"eyJ0eXAiOiJKV1QiLCJhbGciOiJIUzI1NiJ9.eyJ1c2VyX2lkIjoxLCJ1c2VybmFtZSI6ImFsZXhtaWhhaSIsImV4cCI6MTc0NjMxOTk2N30.jJMiEMOCapwxSM2rwbOiWRYN-3THOPLsMUcfGfMAeMM"}
Request received: {"token":"eyJ0eXAiOiJKV1QiLCJhbGciOiJIUzI1NiJ9.eyJ1c2VyX2lkIjoyLCJ1c2VybmFtZSI6ImlvbmlvbmVzY3UiLCJleHAiOjE3NDYzMjExMzR9.FMnPdhMRqFjlWb-o_VFBRcWYIbkqpFmNj0GBzjsu_gw"}
Request received: {"token":"eyJ0eXAiOiJKV1QiLCJhbGciOiJIUzI1NiJ9.eyJ1c2VyX2lkIjoxLCJ1c2VybmFtZSI6ImFsZXhtaWhhaSIsImV4cCI6MTc0NjMxOTk2N30.jJMiEMOCapwxSM2rwbOiWRYN-3THOPLsMUcfGfMAeMM"}
Request received: {"token":"eyJ0eXAiOiJKV1QiLCJhbGciOiJIUzI1NiJ9.eyJ1c2VyX2lkIjoyLCJ1c2VybmFtZSI6ImlvbmlvbmVzY3UiLCJleHAiOjE3NDYzMjExMzR9.FMnPdhMRqFjlWb-o_VFBRcWYIbkqpFmNj0GBzjsu_gw"}
Request received: {"token":"eyJ0eXAiOiJKV1QiLCJhbGciOiJIUzI1NiJ9.eyJ1c2VyX2lkIjoxLCJ1c2VybmFtZSI6ImFsZXhtaWhhaSIsImV4cCI6MTc0NjMxOTk2N30.jJMiEMOCapwxSM2rwbOiWRYN-3THOPLsMUcfGfMAeMM"}
Request received: {"token":"eyJ0eXAiOiJKV1QiLCJhbGciOiJIUzI1NiJ9.eyJ1c2VyX2lkIjoyLCJ1c2VybmFtZSI6ImlvbmlvbmVzY3UiLCJleHAiOjE3NDYzMjExMzR9.FMnPdhMRqFjlWb-o_VFBRcWYIbkqpFmNj0GBzjsu_gw"}
Request received: {"token":"eyJ0eXAiOiJKV1QiLCJhbGciOiJIUzI1NiJ9.eyJ1c2VyX2lkIjoxLCJ1c2VybmFtZSI6ImFsZXhtaWhhaSIsImV4cCI6MTc0NjMxOTk2N30.jJMiEMOCapwxSM2rwbOiWRYN-3THOPLsMUcfGfMAeMM"}
Invalid token: Expired token
Request received: {"token":"eyJ0eXAiOiJKV1QiLCJhbGciOiJIUzI1NiJ9.eyJ1c2VyX2lkIjoyLCJ1c2VybmFtZSI6ImlvbmlvbmVzY3UiLCJleHAiOjE3NDYzMjExMzR9.FMnPdhMRqFjlWb-o_VFBRcWYIbkqpFmNj0GBzjsu_gw"}
Request received: {"token":"eyJ0eXAiOiJKV1QiLCJhbGciOiJIUzI1NiJ9.eyJ1c2VyX2lkIjoyLCJ1c2VybmFtZSI6ImlvbmlvbmVzY3UiLCJleHAiOjE3NDYzMjExMzR9.FMnPdhMRqFjlWb-o_VFBRcWYIbkqpFmNj0GBzjsu_gw"}
Request received: {"token":"eyJ0eXAiOiJKV1QiLCJhbGciOiJIUzI1NiJ9.eyJ1c2VyX2lkIjoyLCJ1c2VybmFtZSI6ImlvbmlvbmVzY3UiLCJleHAiOjE3NDYzMjExMzR9.FMnPdhMRqFjlWb-o_VFBRcWYIbkqpFmNj0GBzjsu_gw"}
Request received: {"token":"eyJ0eXAiOiJKV1QiLCJhbGciOiJIUzI1NiJ9.eyJ1c2VyX2lkIjoyLCJ1c2VybmFtZSI6ImlvbmlvbmVzY3UiLCJleHAiOjE3NDYzMjExMzR9.FMnPdhMRqFjlWb-o_VFBRcWYIbkqpFmNj0GBzjsu_gw"}
Request received: {"token":"eyJ0eXAiOiJKV1QiLCJhbGciOiJIUzI1NiJ9.eyJ1c2VyX2lkIjoyLCJ1c2VybmFtZSI6ImlvbmlvbmVzY3UiLCJleHAiOjE3NDYzMjExMzR9.FMnPdhMRqFjlWb-o_VFBRcWYIbkqpFmNj0GBzjsu_gw"}
Request received: {"token":"eyJ0eXAiOiJKV1QiLCJhbGciOiJIUzI1NiJ9.eyJ1c2VyX2lkIjoyLCJ1c2VybmFtZSI6ImlvbmlvbmVzY3UiLCJleHAiOjE3NDYzMjExMzR9.FMnPdhMRqFjlWb-o_VFBRcWYIbkqpFmNj0GBzjsu_gw"}
Request received: {"token":"eyJ0eXAiOiJKV1QiLCJhbGciOiJIUzI1NiJ9.eyJ1c2VyX2lkIjoyLCJ1c2VybmFtZSI6ImlvbmlvbmVzY3UiLCJleHAiOjE3NDYzMjExMzR9.FMnPdhMRqFjlWb-o_VFBRcWYIbkqpFmNj0GBzjsu_gw"}
Request received: {"token":"eyJ0eXAiOiJKV1QiLCJhbGciOiJIUzI1NiJ9.eyJ1c2VyX2lkIjoyLCJ1c2VybmFtZSI6ImlvbmlvbmVzY3UiLCJleHAiOjE3NDYzMjExMzR9.FMnPdhMRqFjlWb-o_VFBRcWYIbkqpFmNj0GBzjsu_gw"}
Request received: {"token":"eyJ0eXAiOiJKV1QiLCJhbGciOiJIUzI1NiJ9.eyJ1c2VyX2lkIjoyLCJ1c2VybmFtZSI6ImlvbmlvbmVzY3UiLCJleHAiOjE3NDYzMjExMzR9.FMnPdhMRqFjlWb-o_VFBRcWYIbkqpFmNj0GBzjsu_gw"}
Request received: {"token":"eyJ0eXAiOiJKV1QiLCJhbGciOiJIUzI1NiJ9.eyJ1c2VyX2lkIjoyLCJ1c2VybmFtZSI6ImlvbmlvbmVzY3UiLCJleHAiOjE3NDYzMjExMzR9.FMnPdhMRqFjlWb-o_VFBRcWYIbkqpFmNj0GBzjsu_gw"}
Request received: {"token":"eyJ0eXAiOiJKV1QiLCJhbGciOiJIUzI1NiJ9.eyJ1c2VyX2lkIjoyLCJ1c2VybmFtZSI6ImlvbmlvbmVzY3UiLCJleHAiOjE3NDYzMjExMzR9.FMnPdhMRqFjlWb-o_VFBRcWYIbkqpFmNj0GBzjsu_gw"}
Request received: {"token":"eyJ0eXAiOiJKV1QiLCJhbGciOiJIUzI1NiJ9.eyJ1c2VyX2lkIjoyLCJ1c2VybmFtZSI6ImlvbmlvbmVzY3UiLCJleHAiOjE3NDYzMjExMzR9.FMnPdhMRqFjlWb-o_VFBRcWYIbkqpFmNj0GBzjsu_gw"}
Request received: {"token":"eyJ0eXAiOiJKV1QiLCJhbGciOiJIUzI1NiJ9.eyJ1c2VyX2lkIjoyLCJ1c2VybmFtZSI6ImlvbmlvbmVzY3UiLCJleHAiOjE3NDYzMjExMzR9.FMnPdhMRqFjlWb-o_VFBRcWYIbkqpFmNj0GBzjsu_gw"}
Invalid token: Expired token
Request received: {"token":"eyJ0eXAiOiJKV1QiLCJhbGciOiJIUzI1NiJ9.eyJ1c2VyX2lkIjoxLCJ1c2VybmFtZSI6ImFsZXhtaWhhaSIsImV4cCI6MTc0NjMyNTQ1NX0.kr3cS2IxxXMSRXi3lT3yB2wXqzcJM9isiJnHIVmj510"}
Request received: {"token":"eyJ0eXAiOiJKV1QiLCJhbGciOiJIUzI1NiJ9.eyJ1c2VyX2lkIjoxLCJ1c2VybmFtZSI6ImFsZXhtaWhhaSIsImV4cCI6MTc0NjMyNTQ1NX0.kr3cS2IxxXMSRXi3lT3yB2wXqzcJM9isiJnHIVmj510"}
Request received: {"token":"eyJ0eXAiOiJKV1QiLCJhbGciOiJIUzI1NiJ9.eyJ1c2VyX2lkIjoxLCJ1c2VybmFtZSI6ImFsZXhtaWhhaSIsImV4cCI6MTc0NjMyNTQ1NX0.kr3cS2IxxXMSRXi3lT3yB2wXqzcJM9isiJnHIVmj510"}
Request received: {"token":"eyJ0eXAiOiJKV1QiLCJhbGciOiJIUzI1NiJ9.eyJ1c2VyX2lkIjoxLCJ1c2VybmFtZSI6ImFsZXhtaWhhaSIsImV4cCI6MTc0NjMyNTQ1NX0.kr3cS2IxxXMSRXi3lT3yB2wXqzcJM9isiJnHIVmj510"}
Request received: {"token":"eyJ0eXAiOiJKV1QiLCJhbGciOiJIUzI1NiJ9.eyJ1c2VyX2lkIjoxLCJ1c2VybmFtZSI6ImFsZXhtaWhhaSIsImV4cCI6MTc0NjMyNTQ1NX0.kr3cS2IxxXMSRXi3lT3yB2wXqzcJM9isiJnHIVmj510"}
Request received: {"token":"eyJ0eXAiOiJKV1QiLCJhbGciOiJIUzI1NiJ9.eyJ1c2VyX2lkIjoxLCJ1c2VybmFtZSI6ImFsZXhtaWhhaSIsImV4cCI6MTc0NjMyNTQ1NX0.kr3cS2IxxXMSRXi3lT3yB2wXqzcJM9isiJnHIVmj510"}
Request received: {"token":"eyJ0eXAiOiJKV1QiLCJhbGciOiJIUzI1NiJ9.eyJ1c2VyX2lkIjoxLCJ1c2VybmFtZSI6ImFsZXhtaWhhaSIsImV4cCI6MTc0NjMyNTQ1NX0.kr3cS2IxxXMSRXi3lT3yB2wXqzcJM9isiJnHIVmj510"}
Request received: {"token":"eyJ0eXAiOiJKV1QiLCJhbGciOiJIUzI1NiJ9.eyJ1c2VyX2lkIjoxLCJ1c2VybmFtZSI6ImFsZXhtaWhhaSIsImV4cCI6MTc0NjMyNTQ1NX0.kr3cS2IxxXMSRXi3lT3yB2wXqzcJM9isiJnHIVmj510"}
Request received: {"token":"eyJ0eXAiOiJKV1QiLCJhbGciOiJIUzI1NiJ9.eyJ1c2VyX2lkIjoxLCJ1c2VybmFtZSI6ImFsZXhtaWhhaSIsImV4cCI6MTc0NjMyNTQ1NX0.kr3cS2IxxXMSRXi3lT3yB2wXqzcJM9isiJnHIVmj510"}
Request received: {"token":"eyJ0eXAiOiJKV1QiLCJhbGciOiJIUzI1NiJ9.eyJ1c2VyX2lkIjoxLCJ1c2VybmFtZSI6ImFsZXhtaWhhaSIsImV4cCI6MTc0NjMyNTQ1NX0.kr3cS2IxxXMSRXi3lT3yB2wXqzcJM9isiJnHIVmj510"}
Request received: {"token":"eyJ0eXAiOiJKV1QiLCJhbGciOiJIUzI1NiJ9.eyJ1c2VyX2lkIjoxLCJ1c2VybmFtZSI6ImFsZXhtaWhhaSIsImV4cCI6MTc0NjMyNTQ1NX0.kr3cS2IxxXMSRXi3lT3yB2wXqzcJM9isiJnHIVmj510"}
Request received: {"token":"eyJ0eXAiOiJKV1QiLCJhbGciOiJIUzI1NiJ9.eyJ1c2VyX2lkIjoxLCJ1c2VybmFtZSI6ImFsZXhtaWhhaSIsImV4cCI6MTc0NjMyNTQ1NX0.kr3cS2IxxXMSRXi3lT3yB2wXqzcJM9isiJnHIVmj510"}
Request received: {"token":"eyJ0eXAiOiJKV1QiLCJhbGciOiJIUzI1NiJ9.eyJ1c2VyX2lkIjoxLCJ1c2VybmFtZSI6ImFsZXhtaWhhaSIsImV4cCI6MTc0NjMyNTQ1NX0.kr3cS2IxxXMSRXi3lT3yB2wXqzcJM9isiJnHIVmj510"}
Request received: {"token":"eyJ0eXAiOiJKV1QiLCJhbGciOiJIUzI1NiJ9.eyJ1c2VyX2lkIjoxLCJ1c2VybmFtZSI6ImFsZXhtaWhhaSIsImV4cCI6MTc0NjMyNTQ1NX0.kr3cS2IxxXMSRXi3lT3yB2wXqzcJM9isiJnHIVmj510"}
Request received: {"token":"eyJ0eXAiOiJKV1QiLCJhbGciOiJIUzI1NiJ9.eyJ1c2VyX2lkIjoxLCJ1c2VybmFtZSI6ImFsZXhtaWhhaSIsImV4cCI6MTc0NjMyNTQ1NX0.kr3cS2IxxXMSRXi3lT3yB2wXqzcJM9isiJnHIVmj510"}
Request received: {"token":"eyJ0eXAiOiJKV1QiLCJhbGciOiJIUzI1NiJ9.eyJ1c2VyX2lkIjoxLCJ1c2VybmFtZSI6ImFsZXhtaWhhaSIsImV4cCI6MTc0NjMyNTQ1NX0.kr3cS2IxxXMSRXi3lT3yB2wXqzcJM9isiJnHIVmj510"}
Request received: {"token":"eyJ0eXAiOiJKV1QiLCJhbGciOiJIUzI1NiJ9.eyJ1c2VyX2lkIjoxLCJ1c2VybmFtZSI6ImFsZXhtaWhhaSIsImV4cCI6MTc0NjMyNTQ1NX0.kr3cS2IxxXMSRXi3lT3yB2wXqzcJM9isiJnHIVmj510"}
Request received: {"token":"eyJ0eXAiOiJKV1QiLCJhbGciOiJIUzI1NiJ9.eyJ1c2VyX2lkIjoxLCJ1c2VybmFtZSI6ImFsZXhtaWhhaSIsImV4cCI6MTc0NjMyNTQ1NX0.kr3cS2IxxXMSRXi3lT3yB2wXqzcJM9isiJnHIVmj510"}
Request received: {"token":"eyJ0eXAiOiJKV1QiLCJhbGciOiJIUzI1NiJ9.eyJ1c2VyX2lkIjoxLCJ1c2VybmFtZSI6ImFsZXhtaWhhaSIsImV4cCI6MTc0NjMyNTQ1NX0.kr3cS2IxxXMSRXi3lT3yB2wXqzcJM9isiJnHIVmj510"}
Request received: {"token":"eyJ0eXAiOiJKV1QiLCJhbGciOiJIUzI1NiJ9.eyJ1c2VyX2lkIjoxLCJ1c2VybmFtZSI6ImFsZXhtaWhhaSIsImV4cCI6MTc0NjMyNTQ1NX0.kr3cS2IxxXMSRXi3lT3yB2wXqzcJM9isiJnHIVmj510"}
Request received: {"token":"eyJ0eXAiOiJKV1QiLCJhbGciOiJIUzI1NiJ9.eyJ1c2VyX2lkIjoxLCJ1c2VybmFtZSI6ImFsZXhtaWhhaSIsImV4cCI6MTc0NjMyNTQ1NX0.kr3cS2IxxXMSRXi3lT3yB2wXqzcJM9isiJnHIVmj510"}
Request received: {"token":"eyJ0eXAiOiJKV1QiLCJhbGciOiJIUzI1NiJ9.eyJ1c2VyX2lkIjoxLCJ1c2VybmFtZSI6ImFsZXhtaWhhaSIsImV4cCI6MTc0NjMyNTQ1NX0.kr3cS2IxxXMSRXi3lT3yB2wXqzcJM9isiJnHIVmj510"}
Request received: {"token":"eyJ0eXAiOiJKV1QiLCJhbGciOiJIUzI1NiJ9.eyJ1c2VyX2lkIjoxLCJ1c2VybmFtZSI6ImFsZXhtaWhhaSIsImV4cCI6MTc0NjMyNTQ1NX0.kr3cS2IxxXMSRXi3lT3yB2wXqzcJM9isiJnHIVmj510"}
Request received: {"token":"eyJ0eXAiOiJKV1QiLCJhbGciOiJIUzI1NiJ9.eyJ1c2VyX2lkIjoxLCJ1c2VybmFtZSI6ImFsZXhtaWhhaSIsImV4cCI6MTc0NjMyNTQ1NX0.kr3cS2IxxXMSRXi3lT3yB2wXqzcJM9isiJnHIVmj510"}
Request received: {"token":"eyJ0eXAiOiJKV1QiLCJhbGciOiJIUzI1NiJ9.eyJ1c2VyX2lkIjoxLCJ1c2VybmFtZSI6ImFsZXhtaWhhaSIsImV4cCI6MTc0NjMyNTQ1NX0.kr3cS2IxxXMSRXi3lT3yB2wXqzcJM9isiJnHIVmj510"}
Request received: {"token":"eyJ0eXAiOiJKV1QiLCJhbGciOiJIUzI1NiJ9.eyJ1c2VyX2lkIjoxLCJ1c2VybmFtZSI6ImFsZXhtaWhhaSIsImV4cCI6MTc0NjMyNTQ1NX0.kr3cS2IxxXMSRXi3lT3yB2wXqzcJM9isiJnHIVmj510"}
Request received: {"token":"eyJ0eXAiOiJKV1QiLCJhbGciOiJIUzI1NiJ9.eyJ1c2VyX2lkIjoxLCJ1c2VybmFtZSI6ImFsZXhtaWhhaSIsImV4cCI6MTc0NjMyNTQ1NX0.kr3cS2IxxXMSRXi3lT3yB2wXqzcJM9isiJnHIVmj510"}
Request received: {"token":"eyJ0eXAiOiJKV1QiLCJhbGciOiJIUzI1NiJ9.eyJ1c2VyX2lkIjoxLCJ1c2VybmFtZSI6ImFsZXhtaWhhaSIsImV4cCI6MTc0NjMyNTQ1NX0.kr3cS2IxxXMSRXi3lT3yB2wXqzcJM9isiJnHIVmj510"}
Request received: {"token":"eyJ0eXAiOiJKV1QiLCJhbGciOiJIUzI1NiJ9.eyJ1c2VyX2lkIjoxLCJ1c2VybmFtZSI6ImFsZXhtaWhhaSIsImV4cCI6MTc0NjMyNTQ1NX0.kr3cS2IxxXMSRXi3lT3yB2wXqzcJM9isiJnHIVmj510"}
Request received: {"token":"eyJ0eXAiOiJKV1QiLCJhbGciOiJIUzI1NiJ9.eyJ1c2VyX2lkIjoxLCJ1c2VybmFtZSI6ImFsZXhtaWhhaSIsImV4cCI6MTc0NjMyNTQ1NX0.kr3cS2IxxXMSRXi3lT3yB2wXqzcJM9isiJnHIVmj510"}
Request received: {"token":"eyJ0eXAiOiJKV1QiLCJhbGciOiJIUzI1NiJ9.eyJ1c2VyX2lkIjoxLCJ1c2VybmFtZSI6ImFsZXhtaWhhaSIsImV4cCI6MTc0NjMyNTQ1NX0.kr3cS2IxxXMSRXi3lT3yB2wXqzcJM9isiJnHIVmj510"}
Request received: {"token":"eyJ0eXAiOiJKV1QiLCJhbGciOiJIUzI1NiJ9.eyJ1c2VyX2lkIjoxLCJ1c2VybmFtZSI6ImFsZXhtaWhhaSIsImV4cCI6MTc0NjMyNTQ1NX0.kr3cS2IxxXMSRXi3lT3yB2wXqzcJM9isiJnHIVmj510"}
Request received: {"token":"eyJ0eXAiOiJKV1QiLCJhbGciOiJIUzI1NiJ9.eyJ1c2VyX2lkIjoxLCJ1c2VybmFtZSI6ImFsZXhtaWhhaSIsImV4cCI6MTc0NjMyNTQ1NX0.kr3cS2IxxXMSRXi3lT3yB2wXqzcJM9isiJnHIVmj510"}
Request received: {"token":"eyJ0eXAiOiJKV1QiLCJhbGciOiJIUzI1NiJ9.eyJ1c2VyX2lkIjoxLCJ1c2VybmFtZSI6ImFsZXhtaWhhaSIsImV4cCI6MTc0NjMyNTQ1NX0.kr3cS2IxxXMSRXi3lT3yB2wXqzcJM9isiJnHIVmj510"}
Request received: {"token":"eyJ0eXAiOiJKV1QiLCJhbGciOiJIUzI1NiJ9.eyJ1c2VyX2lkIjoxLCJ1c2VybmFtZSI6ImFsZXhtaWhhaSIsImV4cCI6MTc0NjMyNTQ1NX0.kr3cS2IxxXMSRXi3lT3yB2wXqzcJM9isiJnHIVmj510"}
Request received: {"token":"eyJ0eXAiOiJKV1QiLCJhbGciOiJIUzI1NiJ9.eyJ1c2VyX2lkIjoxLCJ1c2VybmFtZSI6ImFsZXhtaWhhaSIsImV4cCI6MTc0NjMyNTQ1NX0.kr3cS2IxxXMSRXi3lT3yB2wXqzcJM9isiJnHIVmj510"}
Request received: {"token":"eyJ0eXAiOiJKV1QiLCJhbGciOiJIUzI1NiJ9.eyJ1c2VyX2lkIjoxLCJ1c2VybmFtZSI6ImFsZXhtaWhhaSIsImV4cCI6MTc0NjMyNTQ1NX0.kr3cS2IxxXMSRXi3lT3yB2wXqzcJM9isiJnHIVmj510"}
Request received: {"token":"eyJ0eXAiOiJKV1QiLCJhbGciOiJIUzI1NiJ9.eyJ1c2VyX2lkIjoxLCJ1c2VybmFtZSI6ImFsZXhtaWhhaSIsImV4cCI6MTc0NjMyNTQ1NX0.kr3cS2IxxXMSRXi3lT3yB2wXqzcJM9isiJnHIVmj510"}
Request received: {"token":"eyJ0eXAiOiJKV1QiLCJhbGciOiJIUzI1NiJ9.eyJ1c2VyX2lkIjoxLCJ1c2VybmFtZSI6ImFsZXhtaWhhaSIsImV4cCI6MTc0NjMyNTQ1NX0.kr3cS2IxxXMSRXi3lT3yB2wXqzcJM9isiJnHIVmj510"}
Invalid token: Expired token
Payload received: Array
(
    [type] => message
    [content] => asda
    [senderId] => 1
    [username] => alexmihai
    [files] => Array
        (
        )

)
Request received: {"token":"eyJ0eXAiOiJKV1QiLCJhbGciOiJIUzI1NiJ9.eyJ1c2VyX2lkIjoxLCJ1c2VybmFtZSI6ImFsZXhtaWhhaSIsImV4cCI6MTc0NjMzMDU2Nn0.LdLWIrQbxMR1KelB53cozNe03usjLkGs2wtX0WRyvLg"}
Request received: {"token":"eyJ0eXAiOiJKV1QiLCJhbGciOiJIUzI1NiJ9.eyJ1c2VyX2lkIjoyLCJ1c2VybmFtZSI6ImlvbmlvbmVzY3UiLCJleHAiOjE3NDYzMzA1ODF9.kzFpigM3Y7pwbQbmWHt1snBXQSgSzHYmOarxswPOVBs"}
Request received: {"token":"eyJ0eXAiOiJKV1QiLCJhbGciOiJIUzI1NiJ9.eyJ1c2VyX2lkIjoxLCJ1c2VybmFtZSI6ImFsZXhtaWhhaSIsImV4cCI6MTc0NjMzMDU2Nn0.LdLWIrQbxMR1KelB53cozNe03usjLkGs2wtX0WRyvLg"}
Request received: {"token":"eyJ0eXAiOiJKV1QiLCJhbGciOiJIUzI1NiJ9.eyJ1c2VyX2lkIjoyLCJ1c2VybmFtZSI6ImlvbmlvbmVzY3UiLCJleHAiOjE3NDYzMzA1ODF9.kzFpigM3Y7pwbQbmWHt1snBXQSgSzHYmOarxswPOVBs"}
Request received: {"token":"eyJ0eXAiOiJKV1QiLCJhbGciOiJIUzI1NiJ9.eyJ1c2VyX2lkIjoxLCJ1c2VybmFtZSI6ImFsZXhtaWhhaSIsImV4cCI6MTc0NjMzMDU2Nn0.LdLWIrQbxMR1KelB53cozNe03usjLkGs2wtX0WRyvLg"}
Request received: {"token":"eyJ0eXAiOiJKV1QiLCJhbGciOiJIUzI1NiJ9.eyJ1c2VyX2lkIjoyLCJ1c2VybmFtZSI6ImlvbmlvbmVzY3UiLCJleHAiOjE3NDYzMzA1ODF9.kzFpigM3Y7pwbQbmWHt1snBXQSgSzHYmOarxswPOVBs"}
Request received: {"token":"eyJ0eXAiOiJKV1QiLCJhbGciOiJIUzI1NiJ9.eyJ1c2VyX2lkIjoxLCJ1c2VybmFtZSI6ImFsZXhtaWhhaSIsImV4cCI6MTc0NjMzMDU2Nn0.LdLWIrQbxMR1KelB53cozNe03usjLkGs2wtX0WRyvLg"}
Request received: {"token":"eyJ0eXAiOiJKV1QiLCJhbGciOiJIUzI1NiJ9.eyJ1c2VyX2lkIjoxLCJ1c2VybmFtZSI6ImFsZXhtaWhhaSIsImV4cCI6MTc0NjMzMDU2Nn0.LdLWIrQbxMR1KelB53cozNe03usjLkGs2wtX0WRyvLg"}
Request received: {"token":"eyJ0eXAiOiJKV1QiLCJhbGciOiJIUzI1NiJ9.eyJ1c2VyX2lkIjoyLCJ1c2VybmFtZSI6ImlvbmlvbmVzY3UiLCJleHAiOjE3NDYzMzA1ODF9.kzFpigM3Y7pwbQbmWHt1snBXQSgSzHYmOarxswPOVBs"}
Request received: {"token":"eyJ0eXAiOiJKV1QiLCJhbGciOiJIUzI1NiJ9.eyJ1c2VyX2lkIjoxLCJ1c2VybmFtZSI6ImFsZXhtaWhhaSIsImV4cCI6MTc0NjMzMDU2Nn0.LdLWIrQbxMR1KelB53cozNe03usjLkGs2wtX0WRyvLg"}
Request received: {"token":"eyJ0eXAiOiJKV1QiLCJhbGciOiJIUzI1NiJ9.eyJ1c2VyX2lkIjoyLCJ1c2VybmFtZSI6ImlvbmlvbmVzY3UiLCJleHAiOjE3NDYzMzA1ODF9.kzFpigM3Y7pwbQbmWHt1snBXQSgSzHYmOarxswPOVBs"}
Request received: {"token":"eyJ0eXAiOiJKV1QiLCJhbGciOiJIUzI1NiJ9.eyJ1c2VyX2lkIjoxLCJ1c2VybmFtZSI6ImFsZXhtaWhhaSIsImV4cCI6MTc0NjMzMDU2Nn0.LdLWIrQbxMR1KelB53cozNe03usjLkGs2wtX0WRyvLg"}
Request received: {"token":"eyJ0eXAiOiJKV1QiLCJhbGciOiJIUzI1NiJ9.eyJ1c2VyX2lkIjoyLCJ1c2VybmFtZSI6ImlvbmlvbmVzY3UiLCJleHAiOjE3NDYzMzA1ODF9.kzFpigM3Y7pwbQbmWHt1snBXQSgSzHYmOarxswPOVBs"}
Request received: {"token":"eyJ0eXAiOiJKV1QiLCJhbGciOiJIUzI1NiJ9.eyJ1c2VyX2lkIjoxLCJ1c2VybmFtZSI6ImFsZXhtaWhhaSIsImV4cCI6MTc0NjMzMDU2Nn0.LdLWIrQbxMR1KelB53cozNe03usjLkGs2wtX0WRyvLg"}
Request received: {"token":"eyJ0eXAiOiJKV1QiLCJhbGciOiJIUzI1NiJ9.eyJ1c2VyX2lkIjoyLCJ1c2VybmFtZSI6ImlvbmlvbmVzY3UiLCJleHAiOjE3NDYzMzA1ODF9.kzFpigM3Y7pwbQbmWHt1snBXQSgSzHYmOarxswPOVBs"}
Request received: {"token":"eyJ0eXAiOiJKV1QiLCJhbGciOiJIUzI1NiJ9.eyJ1c2VyX2lkIjoxLCJ1c2VybmFtZSI6ImFsZXhtaWhhaSIsImV4cCI6MTc0NjMzMDU2Nn0.LdLWIrQbxMR1KelB53cozNe03usjLkGs2wtX0WRyvLg"}
Request received: {"token":"eyJ0eXAiOiJKV1QiLCJhbGciOiJIUzI1NiJ9.eyJ1c2VyX2lkIjoxLCJ1c2VybmFtZSI6ImFsZXhtaWhhaSIsImV4cCI6MTc0NjMzMDU2Nn0.LdLWIrQbxMR1KelB53cozNe03usjLkGs2wtX0WRyvLg"}
Request received: {"token":"eyJ0eXAiOiJKV1QiLCJhbGciOiJIUzI1NiJ9.eyJ1c2VyX2lkIjoyLCJ1c2VybmFtZSI6ImlvbmlvbmVzY3UiLCJleHAiOjE3NDYzMzA1ODF9.kzFpigM3Y7pwbQbmWHt1snBXQSgSzHYmOarxswPOVBs"}
Request received: {"token":"eyJ0eXAiOiJKV1QiLCJhbGciOiJIUzI1NiJ9.eyJ1c2VyX2lkIjoyLCJ1c2VybmFtZSI6ImlvbmlvbmVzY3UiLCJleHAiOjE3NDYzMzA1ODF9.kzFpigM3Y7pwbQbmWHt1snBXQSgSzHYmOarxswPOVBs"}
Request received: {"token":"eyJ0eXAiOiJKV1QiLCJhbGciOiJIUzI1NiJ9.eyJ1c2VyX2lkIjoxLCJ1c2VybmFtZSI6ImFsZXhtaWhhaSIsImV4cCI6MTc0NjMzMDU2Nn0.LdLWIrQbxMR1KelB53cozNe03usjLkGs2wtX0WRyvLg"}
Request received: {"token":"eyJ0eXAiOiJKV1QiLCJhbGciOiJIUzI1NiJ9.eyJ1c2VyX2lkIjoyLCJ1c2VybmFtZSI6ImlvbmlvbmVzY3UiLCJleHAiOjE3NDYzMzA1ODF9.kzFpigM3Y7pwbQbmWHt1snBXQSgSzHYmOarxswPOVBs"}
Request received: {"token":"eyJ0eXAiOiJKV1QiLCJhbGciOiJIUzI1NiJ9.eyJ1c2VyX2lkIjoyLCJ1c2VybmFtZSI6ImlvbmlvbmVzY3UiLCJleHAiOjE3NDYzMzA1ODF9.kzFpigM3Y7pwbQbmWHt1snBXQSgSzHYmOarxswPOVBs"}
Request received: {"token":"eyJ0eXAiOiJKV1QiLCJhbGciOiJIUzI1NiJ9.eyJ1c2VyX2lkIjoxLCJ1c2VybmFtZSI6ImFsZXhtaWhhaSIsImV4cCI6MTc0NjMzMDU2Nn0.LdLWIrQbxMR1KelB53cozNe03usjLkGs2wtX0WRyvLg"}
Request received: {"token":"eyJ0eXAiOiJKV1QiLCJhbGciOiJIUzI1NiJ9.eyJ1c2VyX2lkIjoxLCJ1c2VybmFtZSI6ImFsZXhtaWhhaSIsImV4cCI6MTc0NjMzMDU2Nn0.LdLWIrQbxMR1KelB53cozNe03usjLkGs2wtX0WRyvLg"}
Request received: {"token":"eyJ0eXAiOiJKV1QiLCJhbGciOiJIUzI1NiJ9.eyJ1c2VyX2lkIjoyLCJ1c2VybmFtZSI6ImlvbmlvbmVzY3UiLCJleHAiOjE3NDYzMzA1ODF9.kzFpigM3Y7pwbQbmWHt1snBXQSgSzHYmOarxswPOVBs"}
Request received: {"token":"eyJ0eXAiOiJKV1QiLCJhbGciOiJIUzI1NiJ9.eyJ1c2VyX2lkIjoxLCJ1c2VybmFtZSI6ImFsZXhtaWhhaSIsImV4cCI6MTc0NjMzMDU2Nn0.LdLWIrQbxMR1KelB53cozNe03usjLkGs2wtX0WRyvLg"}
Request received: {"token":"eyJ0eXAiOiJKV1QiLCJhbGciOiJIUzI1NiJ9.eyJ1c2VyX2lkIjoyLCJ1c2VybmFtZSI6ImlvbmlvbmVzY3UiLCJleHAiOjE3NDYzMzI5ODJ9.ouVNKzO_aSuGy25PXEqGMHX62cVqi7rwN3o4eFI03Qw"}
Request received: {"token":"eyJ0eXAiOiJKV1QiLCJhbGciOiJIUzI1NiJ9.eyJ1c2VyX2lkIjoxLCJ1c2VybmFtZSI6ImFsZXhtaWhhaSIsImV4cCI6MTc0NjMzMDU2Nn0.LdLWIrQbxMR1KelB53cozNe03usjLkGs2wtX0WRyvLg"}
Request received: {"token":"eyJ0eXAiOiJKV1QiLCJhbGciOiJIUzI1NiJ9.eyJ1c2VyX2lkIjoyLCJ1c2VybmFtZSI6ImlvbmlvbmVzY3UiLCJleHAiOjE3NDYzMzI5ODJ9.ouVNKzO_aSuGy25PXEqGMHX62cVqi7rwN3o4eFI03Qw"}
Request received: {"token":"eyJ0eXAiOiJKV1QiLCJhbGciOiJIUzI1NiJ9.eyJ1c2VyX2lkIjoxLCJ1c2VybmFtZSI6ImFsZXhtaWhhaSIsImV4cCI6MTc0NjMzMDU2Nn0.LdLWIrQbxMR1KelB53cozNe03usjLkGs2wtX0WRyvLg"}
Request received: {"token":"eyJ0eXAiOiJKV1QiLCJhbGciOiJIUzI1NiJ9.eyJ1c2VyX2lkIjoyLCJ1c2VybmFtZSI6ImlvbmlvbmVzY3UiLCJleHAiOjE3NDYzMzI5ODJ9.ouVNKzO_aSuGy25PXEqGMHX62cVqi7rwN3o4eFI03Qw"}
Request received: {"token":"eyJ0eXAiOiJKV1QiLCJhbGciOiJIUzI1NiJ9.eyJ1c2VyX2lkIjoxLCJ1c2VybmFtZSI6ImFsZXhtaWhhaSIsImV4cCI6MTc0NjMzMDU2Nn0.LdLWIrQbxMR1KelB53cozNe03usjLkGs2wtX0WRyvLg"}
Request received: {"token":"eyJ0eXAiOiJKV1QiLCJhbGciOiJIUzI1NiJ9.eyJ1c2VyX2lkIjoyLCJ1c2VybmFtZSI6ImlvbmlvbmVzY3UiLCJleHAiOjE3NDYzMzI5ODJ9.ouVNKzO_aSuGy25PXEqGMHX62cVqi7rwN3o4eFI03Qw"}
Request received: {"token":"eyJ0eXAiOiJKV1QiLCJhbGciOiJIUzI1NiJ9.eyJ1c2VyX2lkIjoxLCJ1c2VybmFtZSI6ImFsZXhtaWhhaSIsImV4cCI6MTc0NjMzMDU2Nn0.LdLWIrQbxMR1KelB53cozNe03usjLkGs2wtX0WRyvLg"}
Request received: {"token":"eyJ0eXAiOiJKV1QiLCJhbGciOiJIUzI1NiJ9.eyJ1c2VyX2lkIjoyLCJ1c2VybmFtZSI6ImlvbmlvbmVzY3UiLCJleHAiOjE3NDYzMzI5ODJ9.ouVNKzO_aSuGy25PXEqGMHX62cVqi7rwN3o4eFI03Qw"}
Request received: {"token":"eyJ0eXAiOiJKV1QiLCJhbGciOiJIUzI1NiJ9.eyJ1c2VyX2lkIjoxLCJ1c2VybmFtZSI6ImFsZXhtaWhhaSIsImV4cCI6MTc0NjMzMDU2Nn0.LdLWIrQbxMR1KelB53cozNe03usjLkGs2wtX0WRyvLg"}
Request received: {"token":"eyJ0eXAiOiJKV1QiLCJhbGciOiJIUzI1NiJ9.eyJ1c2VyX2lkIjoyLCJ1c2VybmFtZSI6ImlvbmlvbmVzY3UiLCJleHAiOjE3NDYzMzI5ODJ9.ouVNKzO_aSuGy25PXEqGMHX62cVqi7rwN3o4eFI03Qw"}
Request received: {"token":"eyJ0eXAiOiJKV1QiLCJhbGciOiJIUzI1NiJ9.eyJ1c2VyX2lkIjoyLCJ1c2VybmFtZSI6ImlvbmlvbmVzY3UiLCJleHAiOjE3NDYzMzI5ODJ9.ouVNKzO_aSuGy25PXEqGMHX62cVqi7rwN3o4eFI03Qw"}
Request received: {"token":"eyJ0eXAiOiJKV1QiLCJhbGciOiJIUzI1NiJ9.eyJ1c2VyX2lkIjoyLCJ1c2VybmFtZSI6ImlvbmlvbmVzY3UiLCJleHAiOjE3NDYzMzI5ODJ9.ouVNKzO_aSuGy25PXEqGMHX62cVqi7rwN3o4eFI03Qw"}
Request received: {"token":"eyJ0eXAiOiJKV1QiLCJhbGciOiJIUzI1NiJ9.eyJ1c2VyX2lkIjoxLCJ1c2VybmFtZSI6ImFsZXhtaWhhaSIsImV4cCI6MTc0NjMzNDI1OX0.ZuNcEngh8qRkSjRT77eer1cbz0U-0d1MwxOG7qGoeL8"}
Request received: {"token":"eyJ0eXAiOiJKV1QiLCJhbGciOiJIUzI1NiJ9.eyJ1c2VyX2lkIjoyLCJ1c2VybmFtZSI6ImlvbmlvbmVzY3UiLCJleHAiOjE3NDYzMzI5ODJ9.ouVNKzO_aSuGy25PXEqGMHX62cVqi7rwN3o4eFI03Qw"}
Request received: {"token":"eyJ0eXAiOiJKV1QiLCJhbGciOiJIUzI1NiJ9.eyJ1c2VyX2lkIjoxLCJ1c2VybmFtZSI6ImFsZXhtaWhhaSIsImV4cCI6MTc0NjMzNDI1OX0.ZuNcEngh8qRkSjRT77eer1cbz0U-0d1MwxOG7qGoeL8"}
Request received: {"token":"eyJ0eXAiOiJKV1QiLCJhbGciOiJIUzI1NiJ9.eyJ1c2VyX2lkIjoxLCJ1c2VybmFtZSI6ImFsZXhtaWhhaSIsImV4cCI6MTc0NjMzNDI1OX0.ZuNcEngh8qRkSjRT77eer1cbz0U-0d1MwxOG7qGoeL8"}
Request received: {"token":"eyJ0eXAiOiJKV1QiLCJhbGciOiJIUzI1NiJ9.eyJ1c2VyX2lkIjoyLCJ1c2VybmFtZSI6ImlvbmlvbmVzY3UiLCJleHAiOjE3NDYzMzI5ODJ9.ouVNKzO_aSuGy25PXEqGMHX62cVqi7rwN3o4eFI03Qw"}
Request received: {"token":"eyJ0eXAiOiJKV1QiLCJhbGciOiJIUzI1NiJ9.eyJ1c2VyX2lkIjoxLCJ1c2VybmFtZSI6ImFsZXhtaWhhaSIsImV4cCI6MTc0NjMzNDI1OX0.ZuNcEngh8qRkSjRT77eer1cbz0U-0d1MwxOG7qGoeL8"}

Invalid token: Expired token
Invalid token: Expired token
Request received: {"token":"eyJ0eXAiOiJKV1QiLCJhbGciOiJIUzI1NiJ9.eyJ1c2VyX2lkIjoxLCJ1c2VybmFtZSI6ImFsZXhtaWhhaSIsImV4cCI6MTc0NjMzOTI1N30.3KGFHWqn5VtYZbiX_-THJ3rYkRaCWEcDbpgbqdu2KLc"}
Request received: {"token":"eyJ0eXAiOiJKV1QiLCJhbGciOiJIUzI1NiJ9.eyJ1c2VyX2lkIjoyLCJ1c2VybmFtZSI6ImlvbmlvbmVzY3UiLCJleHAiOjE3NDYzMzkyNzN9.5r57V4L-q9gCK-_SzZ3o_O06YjAFqve6BOS8Dd4GG_k"}
Request received: {"token":"eyJ0eXAiOiJKV1QiLCJhbGciOiJIUzI1NiJ9.eyJ1c2VyX2lkIjoxLCJ1c2VybmFtZSI6ImFsZXhtaWhhaSIsImV4cCI6MTc0NjMzOTI1N30.3KGFHWqn5VtYZbiX_-THJ3rYkRaCWEcDbpgbqdu2KLc"}
Request received: {"token":"eyJ0eXAiOiJKV1QiLCJhbGciOiJIUzI1NiJ9.eyJ1c2VyX2lkIjoyLCJ1c2VybmFtZSI6ImlvbmlvbmVzY3UiLCJleHAiOjE3NDYzMzkyNzN9.5r57V4L-q9gCK-_SzZ3o_O06YjAFqve6BOS8Dd4GG_k"}
Request received: {"token":"eyJ0eXAiOiJKV1QiLCJhbGciOiJIUzI1NiJ9.eyJ1c2VyX2lkIjoxLCJ1c2VybmFtZSI6ImFsZXhtaWhhaSIsImV4cCI6MTc0NjMzOTI1N30.3KGFHWqn5VtYZbiX_-THJ3rYkRaCWEcDbpgbqdu2KLc"}
Request received: {"token":"eyJ0eXAiOiJKV1QiLCJhbGciOiJIUzI1NiJ9.eyJ1c2VyX2lkIjoyLCJ1c2VybmFtZSI6ImlvbmlvbmVzY3UiLCJleHAiOjE3NDYzMzkyNzN9.5r57V4L-q9gCK-_SzZ3o_O06YjAFqve6BOS8Dd4GG_k"}
Request received: {"token":"eyJ0eXAiOiJKV1QiLCJhbGciOiJIUzI1NiJ9.eyJ1c2VyX2lkIjoxLCJ1c2VybmFtZSI6ImFsZXhtaWhhaSIsImV4cCI6MTc0NjMzOTI1N30.3KGFHWqn5VtYZbiX_-THJ3rYkRaCWEcDbpgbqdu2KLc"}
Request received: {"token":"eyJ0eXAiOiJKV1QiLCJhbGciOiJIUzI1NiJ9.eyJ1c2VyX2lkIjoyLCJ1c2VybmFtZSI6ImlvbmlvbmVzY3UiLCJleHAiOjE3NDYzMzkyNzN9.5r57V4L-q9gCK-_SzZ3o_O06YjAFqve6BOS8Dd4GG_k"}
Request received: {"token":"eyJ0eXAiOiJKV1QiLCJhbGciOiJIUzI1NiJ9.eyJ1c2VyX2lkIjoxLCJ1c2VybmFtZSI6ImFsZXhtaWhhaSIsImV4cCI6MTc0NjMzOTI1N30.3KGFHWqn5VtYZbiX_-THJ3rYkRaCWEcDbpgbqdu2KLc"}
Request received: {"token":"eyJ0eXAiOiJKV1QiLCJhbGciOiJIUzI1NiJ9.eyJ1c2VyX2lkIjoyLCJ1c2VybmFtZSI6ImlvbmlvbmVzY3UiLCJleHAiOjE3NDYzMzkyNzN9.5r57V4L-q9gCK-_SzZ3o_O06YjAFqve6BOS8Dd4GG_k"}
Request received: {"token":"eyJ0eXAiOiJKV1QiLCJhbGciOiJIUzI1NiJ9.eyJ1c2VyX2lkIjoxLCJ1c2VybmFtZSI6ImFsZXhtaWhhaSIsImV4cCI6MTc0NjMzOTI1N30.3KGFHWqn5VtYZbiX_-THJ3rYkRaCWEcDbpgbqdu2KLc"}
Request received: {"token":"eyJ0eXAiOiJKV1QiLCJhbGciOiJIUzI1NiJ9.eyJ1c2VyX2lkIjoyLCJ1c2VybmFtZSI6ImlvbmlvbmVzY3UiLCJleHAiOjE3NDYzMzkyNzN9.5r57V4L-q9gCK-_SzZ3o_O06YjAFqve6BOS8Dd4GG_k"}
Request received: {"token":"eyJ0eXAiOiJKV1QiLCJhbGciOiJIUzI1NiJ9.eyJ1c2VyX2lkIjoxLCJ1c2VybmFtZSI6ImFsZXhtaWhhaSIsImV4cCI6MTc0NjMzOTk1Nn0.gyWBGM0bi9kyJ4qNgXfyADCV15r5D1V1W-GTLLHTdBA"}
Request received: {"token":"eyJ0eXAiOiJKV1QiLCJhbGciOiJIUzI1NiJ9.eyJ1c2VyX2lkIjoyLCJ1c2VybmFtZSI6ImlvbmlvbmVzY3UiLCJleHAiOjE3NDYzMzk5Njd9._R6zobxBe-foaSDap8xGo4m0bI6YXjt35HKnzKS3UEc"}
Request received: {"token":"eyJ0eXAiOiJKV1QiLCJhbGciOiJIUzI1NiJ9.eyJ1c2VyX2lkIjoyLCJ1c2VybmFtZSI6ImlvbmlvbmVzY3UiLCJleHAiOjE3NDYzMzk5Njd9._R6zobxBe-foaSDap8xGo4m0bI6YXjt35HKnzKS3UEc"}
Request received: {"token":"eyJ0eXAiOiJKV1QiLCJhbGciOiJIUzI1NiJ9.eyJ1c2VyX2lkIjoxLCJ1c2VybmFtZSI6ImFsZXhtaWhhaSIsImV4cCI6MTc0NjMzOTk1Nn0.gyWBGM0bi9kyJ4qNgXfyADCV15r5D1V1W-GTLLHTdBA"}
Request received: {"token":"eyJ0eXAiOiJKV1QiLCJhbGciOiJIUzI1NiJ9.eyJ1c2VyX2lkIjoxLCJ1c2VybmFtZSI6ImFsZXhtaWhhaSIsImV4cCI6MTc0NjMzOTk1Nn0.gyWBGM0bi9kyJ4qNgXfyADCV15r5D1V1W-GTLLHTdBA"}
Request received: {"token":"eyJ0eXAiOiJKV1QiLCJhbGciOiJIUzI1NiJ9.eyJ1c2VyX2lkIjoyLCJ1c2VybmFtZSI6ImlvbmlvbmVzY3UiLCJleHAiOjE3NDYzMzk5Njd9._R6zobxBe-foaSDap8xGo4m0bI6YXjt35HKnzKS3UEc"}
Request received: {"token":"eyJ0eXAiOiJKV1QiLCJhbGciOiJIUzI1NiJ9.eyJ1c2VyX2lkIjoyLCJ1c2VybmFtZSI6ImlvbmlvbmVzY3UiLCJleHAiOjE3NDYzMzk5Njd9._R6zobxBe-foaSDap8xGo4m0bI6YXjt35HKnzKS3UEc"}
Request received: {"token":"eyJ0eXAiOiJKV1QiLCJhbGciOiJIUzI1NiJ9.eyJ1c2VyX2lkIjoxLCJ1c2VybmFtZSI6ImFsZXhtaWhhaSIsImV4cCI6MTc0NjMzOTk1Nn0.gyWBGM0bi9kyJ4qNgXfyADCV15r5D1V1W-GTLLHTdBA"}
Request received: {"token":"eyJ0eXAiOiJKV1QiLCJhbGciOiJIUzI1NiJ9.eyJ1c2VyX2lkIjoyLCJ1c2VybmFtZSI6ImlvbmlvbmVzY3UiLCJleHAiOjE3NDYzMzk5Njd9._R6zobxBe-foaSDap8xGo4m0bI6YXjt35HKnzKS3UEc"}
Request received: {"token":"eyJ0eXAiOiJKV1QiLCJhbGciOiJIUzI1NiJ9.eyJ1c2VyX2lkIjoxLCJ1c2VybmFtZSI6ImFsZXhtaWhhaSIsImV4cCI6MTc0NjMzOTk1Nn0.gyWBGM0bi9kyJ4qNgXfyADCV15r5D1V1W-GTLLHTdBA"}
Request received: {"token":"eyJ0eXAiOiJKV1QiLCJhbGciOiJIUzI1NiJ9.eyJ1c2VyX2lkIjoxLCJ1c2VybmFtZSI6ImFsZXhtaWhhaSIsImV4cCI6MTc0NjMzOTk1Nn0.gyWBGM0bi9kyJ4qNgXfyADCV15r5D1V1W-GTLLHTdBA"}
Request received: {"token":"eyJ0eXAiOiJKV1QiLCJhbGciOiJIUzI1NiJ9.eyJ1c2VyX2lkIjoyLCJ1c2VybmFtZSI6ImlvbmlvbmVzY3UiLCJleHAiOjE3NDYzMzk5Njd9._R6zobxBe-foaSDap8xGo4m0bI6YXjt35HKnzKS3UEc"}
Request received: {"token":"eyJ0eXAiOiJKV1QiLCJhbGciOiJIUzI1NiJ9.eyJ1c2VyX2lkIjoxLCJ1c2VybmFtZSI6ImFsZXhtaWhhaSIsImV4cCI6MTc0NjMzOTk1Nn0.gyWBGM0bi9kyJ4qNgXfyADCV15r5D1V1W-GTLLHTdBA"}
Request received: {"token":"eyJ0eXAiOiJKV1QiLCJhbGciOiJIUzI1NiJ9.eyJ1c2VyX2lkIjoyLCJ1c2VybmFtZSI6ImlvbmlvbmVzY3UiLCJleHAiOjE3NDYzMzk5Njd9._R6zobxBe-foaSDap8xGo4m0bI6YXjt35HKnzKS3UEc"}
Request received: {"token":"eyJ0eXAiOiJKV1QiLCJhbGciOiJIUzI1NiJ9.eyJ1c2VyX2lkIjoyLCJ1c2VybmFtZSI6ImlvbmlvbmVzY3UiLCJleHAiOjE3NDYzMzk5Njd9._R6zobxBe-foaSDap8xGo4m0bI6YXjt35HKnzKS3UEc"}
Request received: {"token":"eyJ0eXAiOiJKV1QiLCJhbGciOiJIUzI1NiJ9.eyJ1c2VyX2lkIjoxLCJ1c2VybmFtZSI6ImFsZXhtaWhhaSIsImV4cCI6MTc0NjMzOTk1Nn0.gyWBGM0bi9kyJ4qNgXfyADCV15r5D1V1W-GTLLHTdBA"}
Request received: {"token":"eyJ0eXAiOiJKV1QiLCJhbGciOiJIUzI1NiJ9.eyJ1c2VyX2lkIjoyLCJ1c2VybmFtZSI6ImlvbmlvbmVzY3UiLCJleHAiOjE3NDYzMzk5Njd9._R6zobxBe-foaSDap8xGo4m0bI6YXjt35HKnzKS3UEc"}
Request received: {"token":"eyJ0eXAiOiJKV1QiLCJhbGciOiJIUzI1NiJ9.eyJ1c2VyX2lkIjoxLCJ1c2VybmFtZSI6ImFsZXhtaWhhaSIsImV4cCI6MTc0NjMzOTk1Nn0.gyWBGM0bi9kyJ4qNgXfyADCV15r5D1V1W-GTLLHTdBA"}
Request received: {"token":"eyJ0eXAiOiJKV1QiLCJhbGciOiJIUzI1NiJ9.eyJ1c2VyX2lkIjoyLCJ1c2VybmFtZSI6ImlvbmlvbmVzY3UiLCJleHAiOjE3NDYzMzk5Njd9._R6zobxBe-foaSDap8xGo4m0bI6YXjt35HKnzKS3UEc"}
Request received: {"token":"eyJ0eXAiOiJKV1QiLCJhbGciOiJIUzI1NiJ9.eyJ1c2VyX2lkIjoxLCJ1c2VybmFtZSI6ImFsZXhtaWhhaSIsImV4cCI6MTc0NjMzOTk1Nn0.gyWBGM0bi9kyJ4qNgXfyADCV15r5D1V1W-GTLLHTdBA"}
Request received: {"token":"eyJ0eXAiOiJKV1QiLCJhbGciOiJIUzI1NiJ9.eyJ1c2VyX2lkIjoyLCJ1c2VybmFtZSI6ImlvbmlvbmVzY3UiLCJleHAiOjE3NDYzMzk5Njd9._R6zobxBe-foaSDap8xGo4m0bI6YXjt35HKnzKS3UEc"}
Invalid token: Expired token
Request received: {"token":"eyJ0eXAiOiJKV1QiLCJhbGciOiJIUzI1NiJ9.eyJ1c2VyX2lkIjoxLCJ1c2VybmFtZSI6ImFsZXhtaWhhaSIsImV4cCI6MTc0NjMzOTk1Nn0.gyWBGM0bi9kyJ4qNgXfyADCV15r5D1V1W-GTLLHTdBA"}
Invalid token: Expired token
Request received: {"token":"eyJ0eXAiOiJKV1QiLCJhbGciOiJIUzI1NiJ9.eyJ1c2VyX2lkIjoyLCJ1c2VybmFtZSI6ImlvbmlvbmVzY3UiLCJleHAiOjE3NDYzNDQyMjh9.hHiub570LLnIb8mJouVPOFfihTjNLYBpAxnejJEe2DM"}
Request received: {"token":"eyJ0eXAiOiJKV1QiLCJhbGciOiJIUzI1NiJ9.eyJ1c2VyX2lkIjoxLCJ1c2VybmFtZSI6ImFsZXhtaWhhaSIsImV4cCI6MTc0NjM0NDIwOX0.MV9Q6bmeWA2hlEUnNaXz5uCMdgyuujvxYqRjhRz7sEI"}
Request received: {"token":"eyJ0eXAiOiJKV1QiLCJhbGciOiJIUzI1NiJ9.eyJ1c2VyX2lkIjoyLCJ1c2VybmFtZSI6ImlvbmlvbmVzY3UiLCJleHAiOjE3NDYzNDQyMjh9.hHiub570LLnIb8mJouVPOFfihTjNLYBpAxnejJEe2DM"}
Request received: {"token":"eyJ0eXAiOiJKV1QiLCJhbGciOiJIUzI1NiJ9.eyJ1c2VyX2lkIjoxLCJ1c2VybmFtZSI6ImFsZXhtaWhhaSIsImV4cCI6MTc0NjM0NDIwOX0.MV9Q6bmeWA2hlEUnNaXz5uCMdgyuujvxYqRjhRz7sEI"}
Request received: {"token":"eyJ0eXAiOiJKV1QiLCJhbGciOiJIUzI1NiJ9.eyJ1c2VyX2lkIjoyLCJ1c2VybmFtZSI6ImlvbmlvbmVzY3UiLCJleHAiOjE3NDYzNDQyMjh9.hHiub570LLnIb8mJouVPOFfihTjNLYBpAxnejJEe2DM"}
Request received: {"token":"eyJ0eXAiOiJKV1QiLCJhbGciOiJIUzI1NiJ9.eyJ1c2VyX2lkIjoxLCJ1c2VybmFtZSI6ImFsZXhtaWhhaSIsImV4cCI6MTc0NjM0NDIwOX0.MV9Q6bmeWA2hlEUnNaXz5uCMdgyuujvxYqRjhRz7sEI"}
Request received: {"token":"eyJ0eXAiOiJKV1QiLCJhbGciOiJIUzI1NiJ9.eyJ1c2VyX2lkIjoyLCJ1c2VybmFtZSI6ImlvbmlvbmVzY3UiLCJleHAiOjE3NDYzNDQyMjh9.hHiub570LLnIb8mJouVPOFfihTjNLYBpAxnejJEe2DM"}
Request received: {"token":"eyJ0eXAiOiJKV1QiLCJhbGciOiJIUzI1NiJ9.eyJ1c2VyX2lkIjoxLCJ1c2VybmFtZSI6ImFsZXhtaWhhaSIsImV4cCI6MTc0NjM0NDIwOX0.MV9Q6bmeWA2hlEUnNaXz5uCMdgyuujvxYqRjhRz7sEI"}
Request received: {"token":"eyJ0eXAiOiJKV1QiLCJhbGciOiJIUzI1NiJ9.eyJ1c2VyX2lkIjoxLCJ1c2VybmFtZSI6ImFsZXhtaWhhaSIsImV4cCI6MTc0NjM0NDIwOX0.MV9Q6bmeWA2hlEUnNaXz5uCMdgyuujvxYqRjhRz7sEI"}
Request received: {"token":"eyJ0eXAiOiJKV1QiLCJhbGciOiJIUzI1NiJ9.eyJ1c2VyX2lkIjoyLCJ1c2VybmFtZSI6ImlvbmlvbmVzY3UiLCJleHAiOjE3NDYzNDQyMjh9.hHiub570LLnIb8mJouVPOFfihTjNLYBpAxnejJEe2DM"}
Request received: {"token":"eyJ0eXAiOiJKV1QiLCJhbGciOiJIUzI1NiJ9.eyJ1c2VyX2lkIjoxLCJ1c2VybmFtZSI6ImFsZXhtaWhhaSIsImV4cCI6MTc0NjM0NDIwOX0.MV9Q6bmeWA2hlEUnNaXz5uCMdgyuujvxYqRjhRz7sEI"}
Request received: {"token":"eyJ0eXAiOiJKV1QiLCJhbGciOiJIUzI1NiJ9.eyJ1c2VyX2lkIjoyLCJ1c2VybmFtZSI6ImlvbmlvbmVzY3UiLCJleHAiOjE3NDYzNDQyMjh9.hHiub570LLnIb8mJouVPOFfihTjNLYBpAxnejJEe2DM"}
Request received: {"token":"eyJ0eXAiOiJKV1QiLCJhbGciOiJIUzI1NiJ9.eyJ1c2VyX2lkIjoxLCJ1c2VybmFtZSI6ImFsZXhtaWhhaSIsImV4cCI6MTc0NjM0NDIwOX0.MV9Q6bmeWA2hlEUnNaXz5uCMdgyuujvxYqRjhRz7sEI"}
Request received: {"token":"eyJ0eXAiOiJKV1QiLCJhbGciOiJIUzI1NiJ9.eyJ1c2VyX2lkIjoyLCJ1c2VybmFtZSI6ImlvbmlvbmVzY3UiLCJleHAiOjE3NDYzNDQyMjh9.hHiub570LLnIb8mJouVPOFfihTjNLYBpAxnejJEe2DM"}
Request received: {"token":"eyJ0eXAiOiJKV1QiLCJhbGciOiJIUzI1NiJ9.eyJ1c2VyX2lkIjoyLCJ1c2VybmFtZSI6ImlvbmlvbmVzY3UiLCJleHAiOjE3NDYzNDQyMjh9.hHiub570LLnIb8mJouVPOFfihTjNLYBpAxnejJEe2DM"}
Request received: {"token":"eyJ0eXAiOiJKV1QiLCJhbGciOiJIUzI1NiJ9.eyJ1c2VyX2lkIjoxLCJ1c2VybmFtZSI6ImFsZXhtaWhhaSIsImV4cCI6MTc0NjM0NTM5Mn0.Ig-O4_cFB23MXuus2oj-9824hQd7_BixC_CzP81fbDM"}
Request received: {"token":"eyJ0eXAiOiJKV1QiLCJhbGciOiJIUzI1NiJ9.eyJ1c2VyX2lkIjoyLCJ1c2VybmFtZSI6ImlvbmlvbmVzY3UiLCJleHAiOjE3NDYzNDQyMjh9.hHiub570LLnIb8mJouVPOFfihTjNLYBpAxnejJEe2DM"}
Request received: {"token":"eyJ0eXAiOiJKV1QiLCJhbGciOiJIUzI1NiJ9.eyJ1c2VyX2lkIjoxLCJ1c2VybmFtZSI6ImFsZXhtaWhhaSIsImV4cCI6MTc0NjM0NTM5Mn0.Ig-O4_cFB23MXuus2oj-9824hQd7_BixC_CzP81fbDM"}
Request received: {"token":"eyJ0eXAiOiJKV1QiLCJhbGciOiJIUzI1NiJ9.eyJ1c2VyX2lkIjoyLCJ1c2VybmFtZSI6ImlvbmlvbmVzY3UiLCJleHAiOjE3NDYzNDQyMjh9.hHiub570LLnIb8mJouVPOFfihTjNLYBpAxnejJEe2DM"}
Request received: {"token":"eyJ0eXAiOiJKV1QiLCJhbGciOiJIUzI1NiJ9.eyJ1c2VyX2lkIjoxLCJ1c2VybmFtZSI6ImFsZXhtaWhhaSIsImV4cCI6MTc0NjM0NTM5Mn0.Ig-O4_cFB23MXuus2oj-9824hQd7_BixC_CzP81fbDM"}
Request received: {"token":"eyJ0eXAiOiJKV1QiLCJhbGciOiJIUzI1NiJ9.eyJ1c2VyX2lkIjoyLCJ1c2VybmFtZSI6ImlvbmlvbmVzY3UiLCJleHAiOjE3NDYzNDQyMjh9.hHiub570LLnIb8mJouVPOFfihTjNLYBpAxnejJEe2DM"}
Request received: {"token":"eyJ0eXAiOiJKV1QiLCJhbGciOiJIUzI1NiJ9.eyJ1c2VyX2lkIjoxLCJ1c2VybmFtZSI6ImFsZXhtaWhhaSIsImV4cCI6MTc0NjM0NTM5Mn0.Ig-O4_cFB23MXuus2oj-9824hQd7_BixC_CzP81fbDM"}
Request received: {"token":"eyJ0eXAiOiJKV1QiLCJhbGciOiJIUzI1NiJ9.eyJ1c2VyX2lkIjoyLCJ1c2VybmFtZSI6ImlvbmlvbmVzY3UiLCJleHAiOjE3NDYzNDQyMjh9.hHiub570LLnIb8mJouVPOFfihTjNLYBpAxnejJEe2DM"}
Request received: {"token":"eyJ0eXAiOiJKV1QiLCJhbGciOiJIUzI1NiJ9.eyJ1c2VyX2lkIjoxLCJ1c2VybmFtZSI6ImFsZXhtaWhhaSIsImV4cCI6MTc0NjM0NTM5Mn0.Ig-O4_cFB23MXuus2oj-9824hQd7_BixC_CzP81fbDM"}
Request received: {"token":"eyJ0eXAiOiJKV1QiLCJhbGciOiJIUzI1NiJ9.eyJ1c2VyX2lkIjoyLCJ1c2VybmFtZSI6ImlvbmlvbmVzY3UiLCJleHAiOjE3NDYzNDQyMjh9.hHiub570LLnIb8mJouVPOFfihTjNLYBpAxnejJEe2DM"}
Request received: {"token":"eyJ0eXAiOiJKV1QiLCJhbGciOiJIUzI1NiJ9.eyJ1c2VyX2lkIjoxLCJ1c2VybmFtZSI6ImFsZXhtaWhhaSIsImV4cCI6MTc0NjM0NTM5Mn0.Ig-O4_cFB23MXuus2oj-9824hQd7_BixC_CzP81fbDM"}
Request received: {"token":"eyJ0eXAiOiJKV1QiLCJhbGciOiJIUzI1NiJ9.eyJ1c2VyX2lkIjoyLCJ1c2VybmFtZSI6ImlvbmlvbmVzY3UiLCJleHAiOjE3NDYzNDQyMjh9.hHiub570LLnIb8mJouVPOFfihTjNLYBpAxnejJEe2DM"}
Request received: {"token":"eyJ0eXAiOiJKV1QiLCJhbGciOiJIUzI1NiJ9.eyJ1c2VyX2lkIjoxLCJ1c2VybmFtZSI6ImFsZXhtaWhhaSIsImV4cCI6MTc0NjM0NTM5Mn0.Ig-O4_cFB23MXuus2oj-9824hQd7_BixC_CzP81fbDM"}
Request received: {"token":"eyJ0eXAiOiJKV1QiLCJhbGciOiJIUzI1NiJ9.eyJ1c2VyX2lkIjoyLCJ1c2VybmFtZSI6ImlvbmlvbmVzY3UiLCJleHAiOjE3NDYzNDQyMjh9.hHiub570LLnIb8mJouVPOFfihTjNLYBpAxnejJEe2DM"}
Request received: {"token":"eyJ0eXAiOiJKV1QiLCJhbGciOiJIUzI1NiJ9.eyJ1c2VyX2lkIjoxLCJ1c2VybmFtZSI6ImFsZXhtaWhhaSIsImV4cCI6MTc0NjM0NTM5Mn0.Ig-O4_cFB23MXuus2oj-9824hQd7_BixC_CzP81fbDM"}
Request received: {"token":"eyJ0eXAiOiJKV1QiLCJhbGciOiJIUzI1NiJ9.eyJ1c2VyX2lkIjoxLCJ1c2VybmFtZSI6ImFsZXhtaWhhaSIsImV4cCI6MTc0NjM0NTM5Mn0.Ig-O4_cFB23MXuus2oj-9824hQd7_BixC_CzP81fbDM"}
Request received: {"token":"eyJ0eXAiOiJKV1QiLCJhbGciOiJIUzI1NiJ9.eyJ1c2VyX2lkIjoyLCJ1c2VybmFtZSI6ImlvbmlvbmVzY3UiLCJleHAiOjE3NDYzNDQyMjh9.hHiub570LLnIb8mJouVPOFfihTjNLYBpAxnejJEe2DM"}
Request received: {"token":"eyJ0eXAiOiJKV1QiLCJhbGciOiJIUzI1NiJ9.eyJ1c2VyX2lkIjoyLCJ1c2VybmFtZSI6ImlvbmlvbmVzY3UiLCJleHAiOjE3NDYzNDQyMjh9.hHiub570LLnIb8mJouVPOFfihTjNLYBpAxnejJEe2DM"}
Request received: {"token":"eyJ0eXAiOiJKV1QiLCJhbGciOiJIUzI1NiJ9.eyJ1c2VyX2lkIjoxLCJ1c2VybmFtZSI6ImFsZXhtaWhhaSIsImV4cCI6MTc0NjM0NTM5Mn0.Ig-O4_cFB23MXuus2oj-9824hQd7_BixC_CzP81fbDM"}
Request received: {"token":"eyJ0eXAiOiJKV1QiLCJhbGciOiJIUzI1NiJ9.eyJ1c2VyX2lkIjoyLCJ1c2VybmFtZSI6ImlvbmlvbmVzY3UiLCJleHAiOjE3NDYzNDQyMjh9.hHiub570LLnIb8mJouVPOFfihTjNLYBpAxnejJEe2DM"}
Request received: {"token":"eyJ0eXAiOiJKV1QiLCJhbGciOiJIUzI1NiJ9.eyJ1c2VyX2lkIjoxLCJ1c2VybmFtZSI6ImFsZXhtaWhhaSIsImV4cCI6MTc0NjM0NTM5Mn0.Ig-O4_cFB23MXuus2oj-9824hQd7_BixC_CzP81fbDM"}
Request received: {"token":"eyJ0eXAiOiJKV1QiLCJhbGciOiJIUzI1NiJ9.eyJ1c2VyX2lkIjoyLCJ1c2VybmFtZSI6ImlvbmlvbmVzY3UiLCJleHAiOjE3NDYzNDQyMjh9.hHiub570LLnIb8mJouVPOFfihTjNLYBpAxnejJEe2DM"}
Request received: {"token":"eyJ0eXAiOiJKV1QiLCJhbGciOiJIUzI1NiJ9.eyJ1c2VyX2lkIjoxLCJ1c2VybmFtZSI6ImFsZXhtaWhhaSIsImV4cCI6MTc0NjM0NTM5Mn0.Ig-O4_cFB23MXuus2oj-9824hQd7_BixC_CzP81fbDM"}
Request received: {"token":"eyJ0eXAiOiJKV1QiLCJhbGciOiJIUzI1NiJ9.eyJ1c2VyX2lkIjoyLCJ1c2VybmFtZSI6ImlvbmlvbmVzY3UiLCJleHAiOjE3NDYzNDQyMjh9.hHiub570LLnIb8mJouVPOFfihTjNLYBpAxnejJEe2DM"}
Request received: {"token":"eyJ0eXAiOiJKV1QiLCJhbGciOiJIUzI1NiJ9.eyJ1c2VyX2lkIjoxLCJ1c2VybmFtZSI6ImFsZXhtaWhhaSIsImV4cCI6MTc0NjM0NTM5Mn0.Ig-O4_cFB23MXuus2oj-9824hQd7_BixC_CzP81fbDM"}
Request received: {"token":"eyJ0eXAiOiJKV1QiLCJhbGciOiJIUzI1NiJ9.eyJ1c2VyX2lkIjoyLCJ1c2VybmFtZSI6ImlvbmlvbmVzY3UiLCJleHAiOjE3NDYzNDQyMjh9.hHiub570LLnIb8mJouVPOFfihTjNLYBpAxnejJEe2DM"}
Request received: {"token":"eyJ0eXAiOiJKV1QiLCJhbGciOiJIUzI1NiJ9.eyJ1c2VyX2lkIjoxLCJ1c2VybmFtZSI6ImFsZXhtaWhhaSIsImV4cCI6MTc0NjM0NTM5Mn0.Ig-O4_cFB23MXuus2oj-9824hQd7_BixC_CzP81fbDM"}
Request received: {"token":"eyJ0eXAiOiJKV1QiLCJhbGciOiJIUzI1NiJ9.eyJ1c2VyX2lkIjoyLCJ1c2VybmFtZSI6ImlvbmlvbmVzY3UiLCJleHAiOjE3NDYzNDQyMjh9.hHiub570LLnIb8mJouVPOFfihTjNLYBpAxnejJEe2DM"}
Request received: {"token":"eyJ0eXAiOiJKV1QiLCJhbGciOiJIUzI1NiJ9.eyJ1c2VyX2lkIjoxLCJ1c2VybmFtZSI6ImFsZXhtaWhhaSIsImV4cCI6MTc0NjM0NTM5Mn0.Ig-O4_cFB23MXuus2oj-9824hQd7_BixC_CzP81fbDM"}
Request received: {"token":"eyJ0eXAiOiJKV1QiLCJhbGciOiJIUzI1NiJ9.eyJ1c2VyX2lkIjoyLCJ1c2VybmFtZSI6ImlvbmlvbmVzY3UiLCJleHAiOjE3NDYzNDQyMjh9.hHiub570LLnIb8mJouVPOFfihTjNLYBpAxnejJEe2DM"}
Request received: {"token":"eyJ0eXAiOiJKV1QiLCJhbGciOiJIUzI1NiJ9.eyJ1c2VyX2lkIjoxLCJ1c2VybmFtZSI6ImFsZXhtaWhhaSIsImV4cCI6MTc0NjM0NTM5Mn0.Ig-O4_cFB23MXuus2oj-9824hQd7_BixC_CzP81fbDM"}
Request received: {"token":"eyJ0eXAiOiJKV1QiLCJhbGciOiJIUzI1NiJ9.eyJ1c2VyX2lkIjoyLCJ1c2VybmFtZSI6ImlvbmlvbmVzY3UiLCJleHAiOjE3NDYzNDQyMjh9.hHiub570LLnIb8mJouVPOFfihTjNLYBpAxnejJEe2DM"}
Request received: {"token":"eyJ0eXAiOiJKV1QiLCJhbGciOiJIUzI1NiJ9.eyJ1c2VyX2lkIjoxLCJ1c2VybmFtZSI6ImFsZXhtaWhhaSIsImV4cCI6MTc0NjM0NTM5Mn0.Ig-O4_cFB23MXuus2oj-9824hQd7_BixC_CzP81fbDM"}
Request received: {"token":"eyJ0eXAiOiJKV1QiLCJhbGciOiJIUzI1NiJ9.eyJ1c2VyX2lkIjoyLCJ1c2VybmFtZSI6ImlvbmlvbmVzY3UiLCJleHAiOjE3NDYzNDc5MTJ9.6iQDfo1ntXrn1gY9UraUE0guPPbSXRp2VSeXbiYPJ7I"}
Request received: {"token":"eyJ0eXAiOiJKV1QiLCJhbGciOiJIUzI1NiJ9.eyJ1c2VyX2lkIjoxLCJ1c2VybmFtZSI6ImFsZXhtaWhhaSIsImV4cCI6MTc0NjM0NTM5Mn0.Ig-O4_cFB23MXuus2oj-9824hQd7_BixC_CzP81fbDM"}
Request received: {"token":"eyJ0eXAiOiJKV1QiLCJhbGciOiJIUzI1NiJ9.eyJ1c2VyX2lkIjoyLCJ1c2VybmFtZSI6ImlvbmlvbmVzY3UiLCJleHAiOjE3NDYzNDc5MTJ9.6iQDfo1ntXrn1gY9UraUE0guPPbSXRp2VSeXbiYPJ7I"}
Request received: {"token":"eyJ0eXAiOiJKV1QiLCJhbGciOiJIUzI1NiJ9.eyJ1c2VyX2lkIjoyLCJ1c2VybmFtZSI6ImlvbmlvbmVzY3UiLCJleHAiOjE3NDYzNDc5MTJ9.6iQDfo1ntXrn1gY9UraUE0guPPbSXRp2VSeXbiYPJ7I"}
Request received: {"token":"eyJ0eXAiOiJKV1QiLCJhbGciOiJIUzI1NiJ9.eyJ1c2VyX2lkIjoxLCJ1c2VybmFtZSI6ImFsZXhtaWhhaSIsImV4cCI6MTc0NjM0NTM5Mn0.Ig-O4_cFB23MXuus2oj-9824hQd7_BixC_CzP81fbDM"}
Request received: {"token":"eyJ0eXAiOiJKV1QiLCJhbGciOiJIUzI1NiJ9.eyJ1c2VyX2lkIjoyLCJ1c2VybmFtZSI6ImlvbmlvbmVzY3UiLCJleHAiOjE3NDYzNDc5MTJ9.6iQDfo1ntXrn1gY9UraUE0guPPbSXRp2VSeXbiYPJ7I"}
Request received: {"token":"eyJ0eXAiOiJKV1QiLCJhbGciOiJIUzI1NiJ9.eyJ1c2VyX2lkIjoxLCJ1c2VybmFtZSI6ImFsZXhtaWhhaSIsImV4cCI6MTc0NjM0NTM5Mn0.Ig-O4_cFB23MXuus2oj-9824hQd7_BixC_CzP81fbDM"}
Request received: {"token":"eyJ0eXAiOiJKV1QiLCJhbGciOiJIUzI1NiJ9.eyJ1c2VyX2lkIjoyLCJ1c2VybmFtZSI6ImlvbmlvbmVzY3UiLCJleHAiOjE3NDYzNDc5MTJ9.6iQDfo1ntXrn1gY9UraUE0guPPbSXRp2VSeXbiYPJ7I"}
Request received: {"token":"eyJ0eXAiOiJKV1QiLCJhbGciOiJIUzI1NiJ9.eyJ1c2VyX2lkIjoxLCJ1c2VybmFtZSI6ImFsZXhtaWhhaSIsImV4cCI6MTc0NjM0NTM5Mn0.Ig-O4_cFB23MXuus2oj-9824hQd7_BixC_CzP81fbDM"}
Request received: {"token":"eyJ0eXAiOiJKV1QiLCJhbGciOiJIUzI1NiJ9.eyJ1c2VyX2lkIjoxLCJ1c2VybmFtZSI6ImFsZXhtaWhhaSIsImV4cCI6MTc0NjM0NTM5Mn0.Ig-O4_cFB23MXuus2oj-9824hQd7_BixC_CzP81fbDM"}
Request received: {"token":"eyJ0eXAiOiJKV1QiLCJhbGciOiJIUzI1NiJ9.eyJ1c2VyX2lkIjoyLCJ1c2VybmFtZSI6ImlvbmlvbmVzY3UiLCJleHAiOjE3NDYzNDc5MTJ9.6iQDfo1ntXrn1gY9UraUE0guPPbSXRp2VSeXbiYPJ7I"}
Request received: {"token":"eyJ0eXAiOiJKV1QiLCJhbGciOiJIUzI1NiJ9.eyJ1c2VyX2lkIjoxLCJ1c2VybmFtZSI6ImFsZXhtaWhhaSIsImV4cCI6MTc0NjM0OTA0M30.kFy2dEzIiThUngHlXRlHyCRGrrF6KAoRnwa3iP1pv68"}
Request received: {"token":"eyJ0eXAiOiJKV1QiLCJhbGciOiJIUzI1NiJ9.eyJ1c2VyX2lkIjoyLCJ1c2VybmFtZSI6ImlvbmlvbmVzY3UiLCJleHAiOjE3NDYzNDc5MTJ9.6iQDfo1ntXrn1gY9UraUE0guPPbSXRp2VSeXbiYPJ7I"}
Request received: {"token":"eyJ0eXAiOiJKV1QiLCJhbGciOiJIUzI1NiJ9.eyJ1c2VyX2lkIjoxLCJ1c2VybmFtZSI6ImFsZXhtaWhhaSIsImV4cCI6MTc0NjM0OTA0M30.kFy2dEzIiThUngHlXRlHyCRGrrF6KAoRnwa3iP1pv68"}
Request received: {"token":"eyJ0eXAiOiJKV1QiLCJhbGciOiJIUzI1NiJ9.eyJ1c2VyX2lkIjoyLCJ1c2VybmFtZSI6ImlvbmlvbmVzY3UiLCJleHAiOjE3NDYzNDc5MTJ9.6iQDfo1ntXrn1gY9UraUE0guPPbSXRp2VSeXbiYPJ7I"}
Request received: {"token":"eyJ0eXAiOiJKV1QiLCJhbGciOiJIUzI1NiJ9.eyJ1c2VyX2lkIjoxLCJ1c2VybmFtZSI6ImFsZXhtaWhhaSIsImV4cCI6MTc0NjM0OTA0M30.kFy2dEzIiThUngHlXRlHyCRGrrF6KAoRnwa3iP1pv68"}
Request received: {"token":"eyJ0eXAiOiJKV1QiLCJhbGciOiJIUzI1NiJ9.eyJ1c2VyX2lkIjoyLCJ1c2VybmFtZSI6ImlvbmlvbmVzY3UiLCJleHAiOjE3NDYzNDc5MTJ9.6iQDfo1ntXrn1gY9UraUE0guPPbSXRp2VSeXbiYPJ7I"}
Request received: {"token":"eyJ0eXAiOiJKV1QiLCJhbGciOiJIUzI1NiJ9.eyJ1c2VyX2lkIjoxLCJ1c2VybmFtZSI6ImFsZXhtaWhhaSIsImV4cCI6MTc0NjM0OTA0M30.kFy2dEzIiThUngHlXRlHyCRGrrF6KAoRnwa3iP1pv68"}
Request received: {"token":"eyJ0eXAiOiJKV1QiLCJhbGciOiJIUzI1NiJ9.eyJ1c2VyX2lkIjoyLCJ1c2VybmFtZSI6ImlvbmlvbmVzY3UiLCJleHAiOjE3NDYzNDc5MTJ9.6iQDfo1ntXrn1gY9UraUE0guPPbSXRp2VSeXbiYPJ7I"}
Request received: {"token":"eyJ0eXAiOiJKV1QiLCJhbGciOiJIUzI1NiJ9.eyJ1c2VyX2lkIjoxLCJ1c2VybmFtZSI6ImFsZXhtaWhhaSIsImV4cCI6MTc0NjM0OTU3Nn0.QtMqd0XCQOYkLIKebIofrJ2BXB1KQkl90bxAO5MLpAg"}
Request received: {"token":"eyJ0eXAiOiJKV1QiLCJhbGciOiJIUzI1NiJ9.eyJ1c2VyX2lkIjoxLCJ1c2VybmFtZSI6ImFsZXhtaWhhaSIsImV4cCI6MTc0NjQxMDc2Nn0.qeMJcewCT646_8p4HF0-XV-Mousxy7j_ukLPHnDj_k0"}
Request received: {"token":"eyJ0eXAiOiJKV1QiLCJhbGciOiJIUzI1NiJ9.eyJ1c2VyX2lkIjoyLCJ1c2VybmFtZSI6ImlvbmlvbmVzY3UiLCJleHAiOjE3NDY0MTA4Mjl9.G7Ip0PJQJvuqno6AX1iNa1lJZwbieynXRNIKizPAN1A"}
Request received: {"token":"eyJ0eXAiOiJKV1QiLCJhbGciOiJIUzI1NiJ9.eyJ1c2VyX2lkIjoxLCJ1c2VybmFtZSI6ImFsZXhtaWhhaSIsImV4cCI6MTc0NjQxMDc2Nn0.qeMJcewCT646_8p4HF0-XV-Mousxy7j_ukLPHnDj_k0"}
Request received: {"token":"eyJ0eXAiOiJKV1QiLCJhbGciOiJIUzI1NiJ9.eyJ1c2VyX2lkIjoyLCJ1c2VybmFtZSI6ImlvbmlvbmVzY3UiLCJleHAiOjE3NDY0MTA4Mjl9.G7Ip0PJQJvuqno6AX1iNa1lJZwbieynXRNIKizPAN1A"}
Request received: {"token":"eyJ0eXAiOiJKV1QiLCJhbGciOiJIUzI1NiJ9.eyJ1c2VyX2lkIjoxLCJ1c2VybmFtZSI6ImFsZXhtaWhhaSIsImV4cCI6MTc0NjQxMDc2Nn0.qeMJcewCT646_8p4HF0-XV-Mousxy7j_ukLPHnDj_k0"}
Request received: {"token":"eyJ0eXAiOiJKV1QiLCJhbGciOiJIUzI1NiJ9.eyJ1c2VyX2lkIjoyLCJ1c2VybmFtZSI6ImlvbmlvbmVzY3UiLCJleHAiOjE3NDY0MTA4Mjl9.G7Ip0PJQJvuqno6AX1iNa1lJZwbieynXRNIKizPAN1A"}
Request received: {"token":"eyJ0eXAiOiJKV1QiLCJhbGciOiJIUzI1NiJ9.eyJ1c2VyX2lkIjoxLCJ1c2VybmFtZSI6ImFsZXhtaWhhaSIsImV4cCI6MTc0NjQxMDc2Nn0.qeMJcewCT646_8p4HF0-XV-Mousxy7j_ukLPHnDj_k0"}
Request received: {"token":"eyJ0eXAiOiJKV1QiLCJhbGciOiJIUzI1NiJ9.eyJ1c2VyX2lkIjoyLCJ1c2VybmFtZSI6ImlvbmlvbmVzY3UiLCJleHAiOjE3NDY0MTA4Mjl9.G7Ip0PJQJvuqno6AX1iNa1lJZwbieynXRNIKizPAN1A"}
Request received: {"token":"eyJ0eXAiOiJKV1QiLCJhbGciOiJIUzI1NiJ9.eyJ1c2VyX2lkIjoxLCJ1c2VybmFtZSI6ImFsZXhtaWhhaSIsImV4cCI6MTc0NjQxMDc2Nn0.qeMJcewCT646_8p4HF0-XV-Mousxy7j_ukLPHnDj_k0"}
Request received: {"token":"eyJ0eXAiOiJKV1QiLCJhbGciOiJIUzI1NiJ9.eyJ1c2VyX2lkIjoyLCJ1c2VybmFtZSI6ImlvbmlvbmVzY3UiLCJleHAiOjE3NDY0MTA4Mjl9.G7Ip0PJQJvuqno6AX1iNa1lJZwbieynXRNIKizPAN1A"}
Request received: {"token":"eyJ0eXAiOiJKV1QiLCJhbGciOiJIUzI1NiJ9.eyJ1c2VyX2lkIjoxLCJ1c2VybmFtZSI6ImFsZXhtaWhhaSIsImV4cCI6MTc0NjQxMDc2Nn0.qeMJcewCT646_8p4HF0-XV-Mousxy7j_ukLPHnDj_k0"}
Request received: {"token":"eyJ0eXAiOiJKV1QiLCJhbGciOiJIUzI1NiJ9.eyJ1c2VyX2lkIjoyLCJ1c2VybmFtZSI6ImlvbmlvbmVzY3UiLCJleHAiOjE3NDY0MTA4Mjl9.G7Ip0PJQJvuqno6AX1iNa1lJZwbieynXRNIKizPAN1A"}
Request received: {"token":"eyJ0eXAiOiJKV1QiLCJhbGciOiJIUzI1NiJ9.eyJ1c2VyX2lkIjoyLCJ1c2VybmFtZSI6ImlvbmlvbmVzY3UiLCJleHAiOjE3NDY0MTA4Mjl9.G7Ip0PJQJvuqno6AX1iNa1lJZwbieynXRNIKizPAN1A"}
Request received: {"token":"eyJ0eXAiOiJKV1QiLCJhbGciOiJIUzI1NiJ9.eyJ1c2VyX2lkIjoxLCJ1c2VybmFtZSI6ImFsZXhtaWhhaSIsImV4cCI6MTc0NjQxMDc2Nn0.qeMJcewCT646_8p4HF0-XV-Mousxy7j_ukLPHnDj_k0"}
Request received: {"token":"eyJ0eXAiOiJKV1QiLCJhbGciOiJIUzI1NiJ9.eyJ1c2VyX2lkIjoyLCJ1c2VybmFtZSI6ImlvbmlvbmVzY3UiLCJleHAiOjE3NDY0MTA4Mjl9.G7Ip0PJQJvuqno6AX1iNa1lJZwbieynXRNIKizPAN1A"}
Request received: {"token":"eyJ0eXAiOiJKV1QiLCJhbGciOiJIUzI1NiJ9.eyJ1c2VyX2lkIjoxLCJ1c2VybmFtZSI6ImFsZXhtaWhhaSIsImV4cCI6MTc0NjQxMDc2Nn0.qeMJcewCT646_8p4HF0-XV-Mousxy7j_ukLPHnDj_k0"}
Request received: {"token":"eyJ0eXAiOiJKV1QiLCJhbGciOiJIUzI1NiJ9.eyJ1c2VyX2lkIjoxLCJ1c2VybmFtZSI6ImFsZXhtaWhhaSIsImV4cCI6MTc0NjQxMDc2Nn0.qeMJcewCT646_8p4HF0-XV-Mousxy7j_ukLPHnDj_k0"}
Request received: {"token":"eyJ0eXAiOiJKV1QiLCJhbGciOiJIUzI1NiJ9.eyJ1c2VyX2lkIjoxLCJ1c2VybmFtZSI6ImFsZXhtaWhhaSIsImV4cCI6MTc0NjQxMDc2Nn0.qeMJcewCT646_8p4HF0-XV-Mousxy7j_ukLPHnDj_k0"}
Request received: {"token":"eyJ0eXAiOiJKV1QiLCJhbGciOiJIUzI1NiJ9.eyJ1c2VyX2lkIjoyLCJ1c2VybmFtZSI6ImlvbmlvbmVzY3UiLCJleHAiOjE3NDY0MTA4Mjl9.G7Ip0PJQJvuqno6AX1iNa1lJZwbieynXRNIKizPAN1A"}
Request received: {"token":"eyJ0eXAiOiJKV1QiLCJhbGciOiJIUzI1NiJ9.eyJ1c2VyX2lkIjoxLCJ1c2VybmFtZSI6ImFsZXhtaWhhaSIsImV4cCI6MTc0NjQxMDc2Nn0.qeMJcewCT646_8p4HF0-XV-Mousxy7j_ukLPHnDj_k0"}
Request received: {"token":"eyJ0eXAiOiJKV1QiLCJhbGciOiJIUzI1NiJ9.eyJ1c2VyX2lkIjoyLCJ1c2VybmFtZSI6ImlvbmlvbmVzY3UiLCJleHAiOjE3NDY0MTA4Mjl9.G7Ip0PJQJvuqno6AX1iNa1lJZwbieynXRNIKizPAN1A"}
Request received: {"token":"eyJ0eXAiOiJKV1QiLCJhbGciOiJIUzI1NiJ9.eyJ1c2VyX2lkIjoxLCJ1c2VybmFtZSI6ImFsZXhtaWhhaSIsImV4cCI6MTc0NjQxMDc2Nn0.qeMJcewCT646_8p4HF0-XV-Mousxy7j_ukLPHnDj_k0"}
Request received: {"token":"eyJ0eXAiOiJKV1QiLCJhbGciOiJIUzI1NiJ9.eyJ1c2VyX2lkIjoyLCJ1c2VybmFtZSI6ImlvbmlvbmVzY3UiLCJleHAiOjE3NDY0MTA4Mjl9.G7Ip0PJQJvuqno6AX1iNa1lJZwbieynXRNIKizPAN1A"}
Request received: {"token":"eyJ0eXAiOiJKV1QiLCJhbGciOiJIUzI1NiJ9.eyJ1c2VyX2lkIjoxLCJ1c2VybmFtZSI6ImFsZXhtaWhhaSIsImV4cCI6MTc0NjQxMDc2Nn0.qeMJcewCT646_8p4HF0-XV-Mousxy7j_ukLPHnDj_k0"}
Request received: {"token":"eyJ0eXAiOiJKV1QiLCJhbGciOiJIUzI1NiJ9.eyJ1c2VyX2lkIjoxLCJ1c2VybmFtZSI6ImFsZXhtaWhhaSIsImV4cCI6MTc0NjQxMDc2Nn0.qeMJcewCT646_8p4HF0-XV-Mousxy7j_ukLPHnDj_k0"}
Request received: {"token":"eyJ0eXAiOiJKV1QiLCJhbGciOiJIUzI1NiJ9.eyJ1c2VyX2lkIjoyLCJ1c2VybmFtZSI6ImlvbmlvbmVzY3UiLCJleHAiOjE3NDY0MTA4Mjl9.G7Ip0PJQJvuqno6AX1iNa1lJZwbieynXRNIKizPAN1A"}
Request received: {"token":"eyJ0eXAiOiJKV1QiLCJhbGciOiJIUzI1NiJ9.eyJ1c2VyX2lkIjoxLCJ1c2VybmFtZSI6ImFsZXhtaWhhaSIsImV4cCI6MTc0NjQxMDc2Nn0.qeMJcewCT646_8p4HF0-XV-Mousxy7j_ukLPHnDj_k0"}
Request received: {"token":"eyJ0eXAiOiJKV1QiLCJhbGciOiJIUzI1NiJ9.eyJ1c2VyX2lkIjoyLCJ1c2VybmFtZSI6ImlvbmlvbmVzY3UiLCJleHAiOjE3NDY0MTA4Mjl9.G7Ip0PJQJvuqno6AX1iNa1lJZwbieynXRNIKizPAN1A"}
Request received: {"token":"eyJ0eXAiOiJKV1QiLCJhbGciOiJIUzI1NiJ9.eyJ1c2VyX2lkIjoxLCJ1c2VybmFtZSI6ImFsZXhtaWhhaSIsImV4cCI6MTc0NjQxMDc2Nn0.qeMJcewCT646_8p4HF0-XV-Mousxy7j_ukLPHnDj_k0"}
Request received: {"token":"eyJ0eXAiOiJKV1QiLCJhbGciOiJIUzI1NiJ9.eyJ1c2VyX2lkIjoyLCJ1c2VybmFtZSI6ImlvbmlvbmVzY3UiLCJleHAiOjE3NDY0MTA4Mjl9.G7Ip0PJQJvuqno6AX1iNa1lJZwbieynXRNIKizPAN1A"}
Request received: {"token":"eyJ0eXAiOiJKV1QiLCJhbGciOiJIUzI1NiJ9.eyJ1c2VyX2lkIjoyLCJ1c2VybmFtZSI6ImlvbmlvbmVzY3UiLCJleHAiOjE3NDY0MTA4Mjl9.G7Ip0PJQJvuqno6AX1iNa1lJZwbieynXRNIKizPAN1A"}
Request received: {"token":"eyJ0eXAiOiJKV1QiLCJhbGciOiJIUzI1NiJ9.eyJ1c2VyX2lkIjoxLCJ1c2VybmFtZSI6ImFsZXhtaWhhaSIsImV4cCI6MTc0NjQxMDc2Nn0.qeMJcewCT646_8p4HF0-XV-Mousxy7j_ukLPHnDj_k0"}
Request received: {"token":"eyJ0eXAiOiJKV1QiLCJhbGciOiJIUzI1NiJ9.eyJ1c2VyX2lkIjoxLCJ1c2VybmFtZSI6ImFsZXhtaWhhaSIsImV4cCI6MTc0NjQxMDc2Nn0.qeMJcewCT646_8p4HF0-XV-Mousxy7j_ukLPHnDj_k0"}
Request received: {"token":"eyJ0eXAiOiJKV1QiLCJhbGciOiJIUzI1NiJ9.eyJ1c2VyX2lkIjoyLCJ1c2VybmFtZSI6ImlvbmlvbmVzY3UiLCJleHAiOjE3NDY0MTA4Mjl9.G7Ip0PJQJvuqno6AX1iNa1lJZwbieynXRNIKizPAN1A"}
Request received: {"token":"eyJ0eXAiOiJKV1QiLCJhbGciOiJIUzI1NiJ9.eyJ1c2VyX2lkIjoyLCJ1c2VybmFtZSI6ImlvbmlvbmVzY3UiLCJleHAiOjE3NDY0MTA4Mjl9.G7Ip0PJQJvuqno6AX1iNa1lJZwbieynXRNIKizPAN1A"}
Request received: {"token":"eyJ0eXAiOiJKV1QiLCJhbGciOiJIUzI1NiJ9.eyJ1c2VyX2lkIjoxLCJ1c2VybmFtZSI6ImFsZXhtaWhhaSIsImV4cCI6MTc0NjQxMDc2Nn0.qeMJcewCT646_8p4HF0-XV-Mousxy7j_ukLPHnDj_k0"}
Request received: {"token":"eyJ0eXAiOiJKV1QiLCJhbGciOiJIUzI1NiJ9.eyJ1c2VyX2lkIjoyLCJ1c2VybmFtZSI6ImlvbmlvbmVzY3UiLCJleHAiOjE3NDY0MTA4Mjl9.G7Ip0PJQJvuqno6AX1iNa1lJZwbieynXRNIKizPAN1A"}
Request received: {"token":"eyJ0eXAiOiJKV1QiLCJhbGciOiJIUzI1NiJ9.eyJ1c2VyX2lkIjoxLCJ1c2VybmFtZSI6ImFsZXhtaWhhaSIsImV4cCI6MTc0NjQxMDc2Nn0.qeMJcewCT646_8p4HF0-XV-Mousxy7j_ukLPHnDj_k0"}
Request received: {"token":"eyJ0eXAiOiJKV1QiLCJhbGciOiJIUzI1NiJ9.eyJ1c2VyX2lkIjoyLCJ1c2VybmFtZSI6ImlvbmlvbmVzY3UiLCJleHAiOjE3NDY0MTA4Mjl9.G7Ip0PJQJvuqno6AX1iNa1lJZwbieynXRNIKizPAN1A"}
Request received: {"token":"eyJ0eXAiOiJKV1QiLCJhbGciOiJIUzI1NiJ9.eyJ1c2VyX2lkIjoxLCJ1c2VybmFtZSI6ImFsZXhtaWhhaSIsImV4cCI6MTc0NjQxMDc2Nn0.qeMJcewCT646_8p4HF0-XV-Mousxy7j_ukLPHnDj_k0"}
Request received: {"token":"eyJ0eXAiOiJKV1QiLCJhbGciOiJIUzI1NiJ9.eyJ1c2VyX2lkIjoyLCJ1c2VybmFtZSI6ImlvbmlvbmVzY3UiLCJleHAiOjE3NDY0MTA4Mjl9.G7Ip0PJQJvuqno6AX1iNa1lJZwbieynXRNIKizPAN1A"}
Request received: {"token":"eyJ0eXAiOiJKV1QiLCJhbGciOiJIUzI1NiJ9.eyJ1c2VyX2lkIjoxLCJ1c2VybmFtZSI6ImFsZXhtaWhhaSIsImV4cCI6MTc0NjQxMDc2Nn0.qeMJcewCT646_8p4HF0-XV-Mousxy7j_ukLPHnDj_k0"}
Request received: {"token":"eyJ0eXAiOiJKV1QiLCJhbGciOiJIUzI1NiJ9.eyJ1c2VyX2lkIjoyLCJ1c2VybmFtZSI6ImlvbmlvbmVzY3UiLCJleHAiOjE3NDY0MTA4Mjl9.G7Ip0PJQJvuqno6AX1iNa1lJZwbieynXRNIKizPAN1A"}
Request received: {"token":"eyJ0eXAiOiJKV1QiLCJhbGciOiJIUzI1NiJ9.eyJ1c2VyX2lkIjoxLCJ1c2VybmFtZSI6ImFsZXhtaWhhaSIsImV4cCI6MTc0NjQxMDc2Nn0.qeMJcewCT646_8p4HF0-XV-Mousxy7j_ukLPHnDj_k0"}
Request received: {"token":"eyJ0eXAiOiJKV1QiLCJhbGciOiJIUzI1NiJ9.eyJ1c2VyX2lkIjoyLCJ1c2VybmFtZSI6ImlvbmlvbmVzY3UiLCJleHAiOjE3NDY0MTA4Mjl9.G7Ip0PJQJvuqno6AX1iNa1lJZwbieynXRNIKizPAN1A"}
Request received: {"token":"eyJ0eXAiOiJKV1QiLCJhbGciOiJIUzI1NiJ9.eyJ1c2VyX2lkIjoxLCJ1c2VybmFtZSI6ImFsZXhtaWhhaSIsImV4cCI6MTc0NjQxMDc2Nn0.qeMJcewCT646_8p4HF0-XV-Mousxy7j_ukLPHnDj_k0"}
Request received: {"token":"eyJ0eXAiOiJKV1QiLCJhbGciOiJIUzI1NiJ9.eyJ1c2VyX2lkIjoyLCJ1c2VybmFtZSI6ImlvbmlvbmVzY3UiLCJleHAiOjE3NDY0MTA4Mjl9.G7Ip0PJQJvuqno6AX1iNa1lJZwbieynXRNIKizPAN1A"}
Request received: {"token":"eyJ0eXAiOiJKV1QiLCJhbGciOiJIUzI1NiJ9.eyJ1c2VyX2lkIjoxLCJ1c2VybmFtZSI6ImFsZXhtaWhhaSIsImV4cCI6MTc0NjQxMDc2Nn0.qeMJcewCT646_8p4HF0-XV-Mousxy7j_ukLPHnDj_k0"}
Request received: {"token":"eyJ0eXAiOiJKV1QiLCJhbGciOiJIUzI1NiJ9.eyJ1c2VyX2lkIjoyLCJ1c2VybmFtZSI6ImlvbmlvbmVzY3UiLCJleHAiOjE3NDY0MTA4Mjl9.G7Ip0PJQJvuqno6AX1iNa1lJZwbieynXRNIKizPAN1A"}
Request received: {"token":"eyJ0eXAiOiJKV1QiLCJhbGciOiJIUzI1NiJ9.eyJ1c2VyX2lkIjoxLCJ1c2VybmFtZSI6ImFsZXhtaWhhaSIsImV4cCI6MTc0NjQxMDc2Nn0.qeMJcewCT646_8p4HF0-XV-Mousxy7j_ukLPHnDj_k0"}
Request received: {"token":"eyJ0eXAiOiJKV1QiLCJhbGciOiJIUzI1NiJ9.eyJ1c2VyX2lkIjoyLCJ1c2VybmFtZSI6ImlvbmlvbmVzY3UiLCJleHAiOjE3NDY0MTA4Mjl9.G7Ip0PJQJvuqno6AX1iNa1lJZwbieynXRNIKizPAN1A"}
Request received: {"token":"eyJ0eXAiOiJKV1QiLCJhbGciOiJIUzI1NiJ9.eyJ1c2VyX2lkIjoxLCJ1c2VybmFtZSI6ImFsZXhtaWhhaSIsImV4cCI6MTc0NjQxMDc2Nn0.qeMJcewCT646_8p4HF0-XV-Mousxy7j_ukLPHnDj_k0"}
Request received: {"token":"eyJ0eXAiOiJKV1QiLCJhbGciOiJIUzI1NiJ9.eyJ1c2VyX2lkIjoxLCJ1c2VybmFtZSI6ImFsZXhtaWhhaSIsImV4cCI6MTc0NjQxMDc2Nn0.qeMJcewCT646_8p4HF0-XV-Mousxy7j_ukLPHnDj_k0"}
Request received: {"token":"eyJ0eXAiOiJKV1QiLCJhbGciOiJIUzI1NiJ9.eyJ1c2VyX2lkIjoyLCJ1c2VybmFtZSI6ImlvbmlvbmVzY3UiLCJleHAiOjE3NDY0MTA4Mjl9.G7Ip0PJQJvuqno6AX1iNa1lJZwbieynXRNIKizPAN1A"}
Request received: {"token":"eyJ0eXAiOiJKV1QiLCJhbGciOiJIUzI1NiJ9.eyJ1c2VyX2lkIjoxLCJ1c2VybmFtZSI6ImFsZXhtaWhhaSIsImV4cCI6MTc0NjQxMDc2Nn0.qeMJcewCT646_8p4HF0-XV-Mousxy7j_ukLPHnDj_k0"}
Request received: {"token":"eyJ0eXAiOiJKV1QiLCJhbGciOiJIUzI1NiJ9.eyJ1c2VyX2lkIjoyLCJ1c2VybmFtZSI6ImlvbmlvbmVzY3UiLCJleHAiOjE3NDY0MTA4Mjl9.G7Ip0PJQJvuqno6AX1iNa1lJZwbieynXRNIKizPAN1A"}
Request received: {"token":"eyJ0eXAiOiJKV1QiLCJhbGciOiJIUzI1NiJ9.eyJ1c2VyX2lkIjoxLCJ1c2VybmFtZSI6ImFsZXhtaWhhaSIsImV4cCI6MTc0NjQxMDc2Nn0.qeMJcewCT646_8p4HF0-XV-Mousxy7j_ukLPHnDj_k0"}
Invalid token: Expired token
Request received: {"token":"eyJ0eXAiOiJKV1QiLCJhbGciOiJIUzI1NiJ9.eyJ1c2VyX2lkIjoyLCJ1c2VybmFtZSI6ImlvbmlvbmVzY3UiLCJleHAiOjE3NDY0MTA4Mjl9.G7Ip0PJQJvuqno6AX1iNa1lJZwbieynXRNIKizPAN1A"}
Invalid token: Expired token
Request received: {"token":"eyJ0eXAiOiJKV1QiLCJhbGciOiJIUzI1NiJ9.eyJ1c2VyX2lkIjoyLCJ1c2VybmFtZSI6ImlvbmlvbmVzY3UiLCJleHAiOjE3NDY0MTQ1Nzl9.iK7yK9l9qCXcfI42iM1WCEW_JBwK7P2PBpQEl5x5-3k"}
Request received: {"token":"eyJ0eXAiOiJKV1QiLCJhbGciOiJIUzI1NiJ9.eyJ1c2VyX2lkIjoxLCJ1c2VybmFtZSI6ImFsZXhtaWhhaSIsImV4cCI6MTc0NjQxNDU3Mn0.sFWPbjOcXR6JhE-bL8_TTOrfHPYbmT5pQeEAifTTDWY"}
Request received: {"token":"eyJ0eXAiOiJKV1QiLCJhbGciOiJIUzI1NiJ9.eyJ1c2VyX2lkIjoyLCJ1c2VybmFtZSI6ImlvbmlvbmVzY3UiLCJleHAiOjE3NDY0MTQ1Nzl9.iK7yK9l9qCXcfI42iM1WCEW_JBwK7P2PBpQEl5x5-3k"}
Request received: {"token":"eyJ0eXAiOiJKV1QiLCJhbGciOiJIUzI1NiJ9.eyJ1c2VyX2lkIjoxLCJ1c2VybmFtZSI6ImFsZXhtaWhhaSIsImV4cCI6MTc0NjQxNDU3Mn0.sFWPbjOcXR6JhE-bL8_TTOrfHPYbmT5pQeEAifTTDWY"}
Request received: {"token":"eyJ0eXAiOiJKV1QiLCJhbGciOiJIUzI1NiJ9.eyJ1c2VyX2lkIjoyLCJ1c2VybmFtZSI6ImlvbmlvbmVzY3UiLCJleHAiOjE3NDY0MTQ1Nzl9.iK7yK9l9qCXcfI42iM1WCEW_JBwK7P2PBpQEl5x5-3k"}
Request received: {"token":"eyJ0eXAiOiJKV1QiLCJhbGciOiJIUzI1NiJ9.eyJ1c2VyX2lkIjoxLCJ1c2VybmFtZSI6ImFsZXhtaWhhaSIsImV4cCI6MTc0NjQxNDU3Mn0.sFWPbjOcXR6JhE-bL8_TTOrfHPYbmT5pQeEAifTTDWY"}
Request received: {"token":"eyJ0eXAiOiJKV1QiLCJhbGciOiJIUzI1NiJ9.eyJ1c2VyX2lkIjoyLCJ1c2VybmFtZSI6ImlvbmlvbmVzY3UiLCJleHAiOjE3NDY0MTQ1Nzl9.iK7yK9l9qCXcfI42iM1WCEW_JBwK7P2PBpQEl5x5-3k"}
Request received: {"token":"eyJ0eXAiOiJKV1QiLCJhbGciOiJIUzI1NiJ9.eyJ1c2VyX2lkIjoxLCJ1c2VybmFtZSI6ImFsZXhtaWhhaSIsImV4cCI6MTc0NjQxNDU3Mn0.sFWPbjOcXR6JhE-bL8_TTOrfHPYbmT5pQeEAifTTDWY"}
Request received: {"token":"eyJ0eXAiOiJKV1QiLCJhbGciOiJIUzI1NiJ9.eyJ1c2VyX2lkIjoyLCJ1c2VybmFtZSI6ImlvbmlvbmVzY3UiLCJleHAiOjE3NDY0MTQ1Nzl9.iK7yK9l9qCXcfI42iM1WCEW_JBwK7P2PBpQEl5x5-3k"}
Request received: {"token":"eyJ0eXAiOiJKV1QiLCJhbGciOiJIUzI1NiJ9.eyJ1c2VyX2lkIjoxLCJ1c2VybmFtZSI6ImFsZXhtaWhhaSIsImV4cCI6MTc0NjQxNDU3Mn0.sFWPbjOcXR6JhE-bL8_TTOrfHPYbmT5pQeEAifTTDWY"}
Request received: {"token":"eyJ0eXAiOiJKV1QiLCJhbGciOiJIUzI1NiJ9.eyJ1c2VyX2lkIjoyLCJ1c2VybmFtZSI6ImlvbmlvbmVzY3UiLCJleHAiOjE3NDY0MTQ1Nzl9.iK7yK9l9qCXcfI42iM1WCEW_JBwK7P2PBpQEl5x5-3k"}
Request received: {"token":"eyJ0eXAiOiJKV1QiLCJhbGciOiJIUzI1NiJ9.eyJ1c2VyX2lkIjoxLCJ1c2VybmFtZSI6ImFsZXhtaWhhaSIsImV4cCI6MTc0NjQxNDU3Mn0.sFWPbjOcXR6JhE-bL8_TTOrfHPYbmT5pQeEAifTTDWY"}
Request received: {"token":"eyJ0eXAiOiJKV1QiLCJhbGciOiJIUzI1NiJ9.eyJ1c2VyX2lkIjoyLCJ1c2VybmFtZSI6ImlvbmlvbmVzY3UiLCJleHAiOjE3NDY0MTQ1Nzl9.iK7yK9l9qCXcfI42iM1WCEW_JBwK7P2PBpQEl5x5-3k"}
Request received: {"token":"eyJ0eXAiOiJKV1QiLCJhbGciOiJIUzI1NiJ9.eyJ1c2VyX2lkIjoxLCJ1c2VybmFtZSI6ImFsZXhtaWhhaSIsImV4cCI6MTc0NjQxNDU3Mn0.sFWPbjOcXR6JhE-bL8_TTOrfHPYbmT5pQeEAifTTDWY"}
Request received: {"token":"eyJ0eXAiOiJKV1QiLCJhbGciOiJIUzI1NiJ9.eyJ1c2VyX2lkIjoyLCJ1c2VybmFtZSI6ImlvbmlvbmVzY3UiLCJleHAiOjE3NDY0MTQ1Nzl9.iK7yK9l9qCXcfI42iM1WCEW_JBwK7P2PBpQEl5x5-3k"}
Request received: {"token":"eyJ0eXAiOiJKV1QiLCJhbGciOiJIUzI1NiJ9.eyJ1c2VyX2lkIjoxLCJ1c2VybmFtZSI6ImFsZXhtaWhhaSIsImV4cCI6MTc0NjQxNDU3Mn0.sFWPbjOcXR6JhE-bL8_TTOrfHPYbmT5pQeEAifTTDWY"}
Request received: {"token":"eyJ0eXAiOiJKV1QiLCJhbGciOiJIUzI1NiJ9.eyJ1c2VyX2lkIjoyLCJ1c2VybmFtZSI6ImlvbmlvbmVzY3UiLCJleHAiOjE3NDY0MTQ1Nzl9.iK7yK9l9qCXcfI42iM1WCEW_JBwK7P2PBpQEl5x5-3k"}
Request received: {"token":"eyJ0eXAiOiJKV1QiLCJhbGciOiJIUzI1NiJ9.eyJ1c2VyX2lkIjoxLCJ1c2VybmFtZSI6ImFsZXhtaWhhaSIsImV4cCI6MTc0NjQxNDU3Mn0.sFWPbjOcXR6JhE-bL8_TTOrfHPYbmT5pQeEAifTTDWY"}
Request received: {"token":"eyJ0eXAiOiJKV1QiLCJhbGciOiJIUzI1NiJ9.eyJ1c2VyX2lkIjoyLCJ1c2VybmFtZSI6ImlvbmlvbmVzY3UiLCJleHAiOjE3NDY0MTQ1Nzl9.iK7yK9l9qCXcfI42iM1WCEW_JBwK7P2PBpQEl5x5-3k"}
Request received: {"token":"eyJ0eXAiOiJKV1QiLCJhbGciOiJIUzI1NiJ9.eyJ1c2VyX2lkIjoxLCJ1c2VybmFtZSI6ImFsZXhtaWhhaSIsImV4cCI6MTc0NjQxNDU3Mn0.sFWPbjOcXR6JhE-bL8_TTOrfHPYbmT5pQeEAifTTDWY"}
Request received: {"token":"eyJ0eXAiOiJKV1QiLCJhbGciOiJIUzI1NiJ9.eyJ1c2VyX2lkIjoyLCJ1c2VybmFtZSI6ImlvbmlvbmVzY3UiLCJleHAiOjE3NDY0MTQ1Nzl9.iK7yK9l9qCXcfI42iM1WCEW_JBwK7P2PBpQEl5x5-3k"}
Request received: {"token":"eyJ0eXAiOiJKV1QiLCJhbGciOiJIUzI1NiJ9.eyJ1c2VyX2lkIjoxLCJ1c2VybmFtZSI6ImFsZXhtaWhhaSIsImV4cCI6MTc0NjQxNDU3Mn0.sFWPbjOcXR6JhE-bL8_TTOrfHPYbmT5pQeEAifTTDWY"}
Request received: {"token":"eyJ0eXAiOiJKV1QiLCJhbGciOiJIUzI1NiJ9.eyJ1c2VyX2lkIjoyLCJ1c2VybmFtZSI6ImlvbmlvbmVzY3UiLCJleHAiOjE3NDY0MTQ1Nzl9.iK7yK9l9qCXcfI42iM1WCEW_JBwK7P2PBpQEl5x5-3k"}
Request received: {"token":"eyJ0eXAiOiJKV1QiLCJhbGciOiJIUzI1NiJ9.eyJ1c2VyX2lkIjoyLCJ1c2VybmFtZSI6ImlvbmlvbmVzY3UiLCJleHAiOjE3NDY0MTQ1Nzl9.iK7yK9l9qCXcfI42iM1WCEW_JBwK7P2PBpQEl5x5-3k"}
Request received: {"token":"eyJ0eXAiOiJKV1QiLCJhbGciOiJIUzI1NiJ9.eyJ1c2VyX2lkIjoxLCJ1c2VybmFtZSI6ImFsZXhtaWhhaSIsImV4cCI6MTc0NjQxNDU3Mn0.sFWPbjOcXR6JhE-bL8_TTOrfHPYbmT5pQeEAifTTDWY"}
Request received: {"token":"eyJ0eXAiOiJKV1QiLCJhbGciOiJIUzI1NiJ9.eyJ1c2VyX2lkIjoyLCJ1c2VybmFtZSI6ImlvbmlvbmVzY3UiLCJleHAiOjE3NDY0MTQ1Nzl9.iK7yK9l9qCXcfI42iM1WCEW_JBwK7P2PBpQEl5x5-3k"}
Request received: {"token":"eyJ0eXAiOiJKV1QiLCJhbGciOiJIUzI1NiJ9.eyJ1c2VyX2lkIjoxLCJ1c2VybmFtZSI6ImFsZXhtaWhhaSIsImV4cCI6MTc0NjQxNDU3Mn0.sFWPbjOcXR6JhE-bL8_TTOrfHPYbmT5pQeEAifTTDWY"}
Request received: {"token":"eyJ0eXAiOiJKV1QiLCJhbGciOiJIUzI1NiJ9.eyJ1c2VyX2lkIjoyLCJ1c2VybmFtZSI6ImlvbmlvbmVzY3UiLCJleHAiOjE3NDY0MTQ1Nzl9.iK7yK9l9qCXcfI42iM1WCEW_JBwK7P2PBpQEl5x5-3k"}
Request received: {"token":"eyJ0eXAiOiJKV1QiLCJhbGciOiJIUzI1NiJ9.eyJ1c2VyX2lkIjoxLCJ1c2VybmFtZSI6ImFsZXhtaWhhaSIsImV4cCI6MTc0NjQxNDU3Mn0.sFWPbjOcXR6JhE-bL8_TTOrfHPYbmT5pQeEAifTTDWY"}
Request received: {"token":"eyJ0eXAiOiJKV1QiLCJhbGciOiJIUzI1NiJ9.eyJ1c2VyX2lkIjoyLCJ1c2VybmFtZSI6ImlvbmlvbmVzY3UiLCJleHAiOjE3NDY0MTQ1Nzl9.iK7yK9l9qCXcfI42iM1WCEW_JBwK7P2PBpQEl5x5-3k"}
Request received: {"token":"eyJ0eXAiOiJKV1QiLCJhbGciOiJIUzI1NiJ9.eyJ1c2VyX2lkIjoxLCJ1c2VybmFtZSI6ImFsZXhtaWhhaSIsImV4cCI6MTc0NjQxNDU3Mn0.sFWPbjOcXR6JhE-bL8_TTOrfHPYbmT5pQeEAifTTDWY"}
Request received: {"token":"eyJ0eXAiOiJKV1QiLCJhbGciOiJIUzI1NiJ9.eyJ1c2VyX2lkIjoyLCJ1c2VybmFtZSI6ImlvbmlvbmVzY3UiLCJleHAiOjE3NDY0MTQ1Nzl9.iK7yK9l9qCXcfI42iM1WCEW_JBwK7P2PBpQEl5x5-3k"}
Request received: {"token":"eyJ0eXAiOiJKV1QiLCJhbGciOiJIUzI1NiJ9.eyJ1c2VyX2lkIjoxLCJ1c2VybmFtZSI6ImFsZXhtaWhhaSIsImV4cCI6MTc0NjQxNDU3Mn0.sFWPbjOcXR6JhE-bL8_TTOrfHPYbmT5pQeEAifTTDWY"}
Request received: {"token":"eyJ0eXAiOiJKV1QiLCJhbGciOiJIUzI1NiJ9.eyJ1c2VyX2lkIjoyLCJ1c2VybmFtZSI6ImlvbmlvbmVzY3UiLCJleHAiOjE3NDY0MTQ1Nzl9.iK7yK9l9qCXcfI42iM1WCEW_JBwK7P2PBpQEl5x5-3k"}
Request received: {"token":"eyJ0eXAiOiJKV1QiLCJhbGciOiJIUzI1NiJ9.eyJ1c2VyX2lkIjoxLCJ1c2VybmFtZSI6ImFsZXhtaWhhaSIsImV4cCI6MTc0NjQxNDU3Mn0.sFWPbjOcXR6JhE-bL8_TTOrfHPYbmT5pQeEAifTTDWY"}
Request received: {"token":"eyJ0eXAiOiJKV1QiLCJhbGciOiJIUzI1NiJ9.eyJ1c2VyX2lkIjoyLCJ1c2VybmFtZSI6ImlvbmlvbmVzY3UiLCJleHAiOjE3NDY0MTQ1Nzl9.iK7yK9l9qCXcfI42iM1WCEW_JBwK7P2PBpQEl5x5-3k"}
Request received: {"token":"eyJ0eXAiOiJKV1QiLCJhbGciOiJIUzI1NiJ9.eyJ1c2VyX2lkIjoxLCJ1c2VybmFtZSI6ImFsZXhtaWhhaSIsImV4cCI6MTc0NjQxNDU3Mn0.sFWPbjOcXR6JhE-bL8_TTOrfHPYbmT5pQeEAifTTDWY"}
Request received: {"token":"eyJ0eXAiOiJKV1QiLCJhbGciOiJIUzI1NiJ9.eyJ1c2VyX2lkIjoyLCJ1c2VybmFtZSI6ImlvbmlvbmVzY3UiLCJleHAiOjE3NDY0MTQ1Nzl9.iK7yK9l9qCXcfI42iM1WCEW_JBwK7P2PBpQEl5x5-3k"}
Request received: {"token":"eyJ0eXAiOiJKV1QiLCJhbGciOiJIUzI1NiJ9.eyJ1c2VyX2lkIjoxLCJ1c2VybmFtZSI6ImFsZXhtaWhhaSIsImV4cCI6MTc0NjQxNDU3Mn0.sFWPbjOcXR6JhE-bL8_TTOrfHPYbmT5pQeEAifTTDWY"}
Request received: {"token":"eyJ0eXAiOiJKV1QiLCJhbGciOiJIUzI1NiJ9.eyJ1c2VyX2lkIjoyLCJ1c2VybmFtZSI6ImlvbmlvbmVzY3UiLCJleHAiOjE3NDY0MTQ1Nzl9.iK7yK9l9qCXcfI42iM1WCEW_JBwK7P2PBpQEl5x5-3k"}
Request received: {"token":"eyJ0eXAiOiJKV1QiLCJhbGciOiJIUzI1NiJ9.eyJ1c2VyX2lkIjoxLCJ1c2VybmFtZSI6ImFsZXhtaWhhaSIsImV4cCI6MTc0NjQxNDU3Mn0.sFWPbjOcXR6JhE-bL8_TTOrfHPYbmT5pQeEAifTTDWY"}
Request received: {"token":"eyJ0eXAiOiJKV1QiLCJhbGciOiJIUzI1NiJ9.eyJ1c2VyX2lkIjoyLCJ1c2VybmFtZSI6ImlvbmlvbmVzY3UiLCJleHAiOjE3NDY0MTQ1Nzl9.iK7yK9l9qCXcfI42iM1WCEW_JBwK7P2PBpQEl5x5-3k"}
Request received: {"token":"eyJ0eXAiOiJKV1QiLCJhbGciOiJIUzI1NiJ9.eyJ1c2VyX2lkIjoxLCJ1c2VybmFtZSI6ImFsZXhtaWhhaSIsImV4cCI6MTc0NjQxNDU3Mn0.sFWPbjOcXR6JhE-bL8_TTOrfHPYbmT5pQeEAifTTDWY"}
Request received: {"token":"eyJ0eXAiOiJKV1QiLCJhbGciOiJIUzI1NiJ9.eyJ1c2VyX2lkIjoyLCJ1c2VybmFtZSI6ImlvbmlvbmVzY3UiLCJleHAiOjE3NDY0MTQ1Nzl9.iK7yK9l9qCXcfI42iM1WCEW_JBwK7P2PBpQEl5x5-3k"}
Request received: {"token":"eyJ0eXAiOiJKV1QiLCJhbGciOiJIUzI1NiJ9.eyJ1c2VyX2lkIjoxLCJ1c2VybmFtZSI6ImFsZXhtaWhhaSIsImV4cCI6MTc0NjQxNDU3Mn0.sFWPbjOcXR6JhE-bL8_TTOrfHPYbmT5pQeEAifTTDWY"}
Request received: {"token":"eyJ0eXAiOiJKV1QiLCJhbGciOiJIUzI1NiJ9.eyJ1c2VyX2lkIjoyLCJ1c2VybmFtZSI6ImlvbmlvbmVzY3UiLCJleHAiOjE3NDY0MTQ1Nzl9.iK7yK9l9qCXcfI42iM1WCEW_JBwK7P2PBpQEl5x5-3k"}
Request received: {"token":"eyJ0eXAiOiJKV1QiLCJhbGciOiJIUzI1NiJ9.eyJ1c2VyX2lkIjoxLCJ1c2VybmFtZSI6ImFsZXhtaWhhaSIsImV4cCI6MTc0NjQxNDU3Mn0.sFWPbjOcXR6JhE-bL8_TTOrfHPYbmT5pQeEAifTTDWY"}
Request received: {"token":"eyJ0eXAiOiJKV1QiLCJhbGciOiJIUzI1NiJ9.eyJ1c2VyX2lkIjoyLCJ1c2VybmFtZSI6ImlvbmlvbmVzY3UiLCJleHAiOjE3NDY0MTQ1Nzl9.iK7yK9l9qCXcfI42iM1WCEW_JBwK7P2PBpQEl5x5-3k"}
Request received: {"token":"eyJ0eXAiOiJKV1QiLCJhbGciOiJIUzI1NiJ9.eyJ1c2VyX2lkIjoyLCJ1c2VybmFtZSI6ImlvbmlvbmVzY3UiLCJleHAiOjE3NDY0MTQ1Nzl9.iK7yK9l9qCXcfI42iM1WCEW_JBwK7P2PBpQEl5x5-3k"}
Invalid token: Expired token
Request received: {"token":"eyJ0eXAiOiJKV1QiLCJhbGciOiJIUzI1NiJ9.eyJ1c2VyX2lkIjoxLCJ1c2VybmFtZSI6ImFsZXhtaWhhaSIsImV4cCI6MTc0NjQxNDU3Mn0.sFWPbjOcXR6JhE-bL8_TTOrfHPYbmT5pQeEAifTTDWY"}
Invalid token: Expired token
Request received: {"token":"eyJ0eXAiOiJKV1QiLCJhbGciOiJIUzI1NiJ9.eyJ1c2VyX2lkIjoxLCJ1c2VybmFtZSI6ImFsZXhtaWhhaSIsImV4cCI6MTc0NjUxMTE4M30.BEoEIz2faSENM75vw8NXgF73oAWIxRqdNeG6PxRUqVs"}
Request received: {"token":"eyJ0eXAiOiJKV1QiLCJhbGciOiJIUzI1NiJ9.eyJ1c2VyX2lkIjoxLCJ1c2VybmFtZSI6ImFsZXhtaWhhaSIsImV4cCI6MTc0NjUxMTE4M30.BEoEIz2faSENM75vw8NXgF73oAWIxRqdNeG6PxRUqVs"}
Request received: {"token":"eyJ0eXAiOiJKV1QiLCJhbGciOiJIUzI1NiJ9.eyJ1c2VyX2lkIjoxLCJ1c2VybmFtZSI6ImFsZXhtaWhhaSIsImV4cCI6MTc0NjUxMTE4M30.BEoEIz2faSENM75vw8NXgF73oAWIxRqdNeG6PxRUqVs"}
Request received: {"token":"eyJ0eXAiOiJKV1QiLCJhbGciOiJIUzI1NiJ9.eyJ1c2VyX2lkIjoxLCJ1c2VybmFtZSI6ImFsZXhtaWhhaSIsImV4cCI6MTc0NjUxMTE4M30.BEoEIz2faSENM75vw8NXgF73oAWIxRqdNeG6PxRUqVs"}
Request received: {"token":"eyJ0eXAiOiJKV1QiLCJhbGciOiJIUzI1NiJ9.eyJ1c2VyX2lkIjoxLCJ1c2VybmFtZSI6ImFsZXhtaWhhaSIsImV4cCI6MTc0NjUxMTE4M30.BEoEIz2faSENM75vw8NXgF73oAWIxRqdNeG6PxRUqVs"}
Request received: {"token":"eyJ0eXAiOiJKV1QiLCJhbGciOiJIUzI1NiJ9.eyJ1c2VyX2lkIjoxLCJ1c2VybmFtZSI6ImFsZXhtaWhhaSIsImV4cCI6MTc0NjUxMTE4M30.BEoEIz2faSENM75vw8NXgF73oAWIxRqdNeG6PxRUqVs"}
Request received: {"token":"eyJ0eXAiOiJKV1QiLCJhbGciOiJIUzI1NiJ9.eyJ1c2VyX2lkIjoxLCJ1c2VybmFtZSI6ImFsZXhtaWhhaSIsImV4cCI6MTc0NjUxMTE4M30.BEoEIz2faSENM75vw8NXgF73oAWIxRqdNeG6PxRUqVs"}
Request received: {"token":"eyJ0eXAiOiJKV1QiLCJhbGciOiJIUzI1NiJ9.eyJ1c2VyX2lkIjoxLCJ1c2VybmFtZSI6ImFsZXhtaWhhaSIsImV4cCI6MTc0NjUxMTE4M30.BEoEIz2faSENM75vw8NXgF73oAWIxRqdNeG6PxRUqVs"}
Request received: {"token":"eyJ0eXAiOiJKV1QiLCJhbGciOiJIUzI1NiJ9.eyJ1c2VyX2lkIjoxLCJ1c2VybmFtZSI6ImFsZXhtaWhhaSIsImV4cCI6MTc0NjUxMTE4M30.BEoEIz2faSENM75vw8NXgF73oAWIxRqdNeG6PxRUqVs"}
Request received: {"token":"eyJ0eXAiOiJKV1QiLCJhbGciOiJIUzI1NiJ9.eyJ1c2VyX2lkIjoxLCJ1c2VybmFtZSI6ImFsZXhtaWhhaSIsImV4cCI6MTc0NjUxMTE4M30.BEoEIz2faSENM75vw8NXgF73oAWIxRqdNeG6PxRUqVs"}
Request received: {"token":"eyJ0eXAiOiJKV1QiLCJhbGciOiJIUzI1NiJ9.eyJ1c2VyX2lkIjoxLCJ1c2VybmFtZSI6ImFsZXhtaWhhaSIsImV4cCI6MTc0NjUxMTE4M30.BEoEIz2faSENM75vw8NXgF73oAWIxRqdNeG6PxRUqVs"}
Request received: {"token":"eyJ0eXAiOiJKV1QiLCJhbGciOiJIUzI1NiJ9.eyJ1c2VyX2lkIjoxLCJ1c2VybmFtZSI6ImFsZXhtaWhhaSIsImV4cCI6MTc0NjUxMTE4M30.BEoEIz2faSENM75vw8NXgF73oAWIxRqdNeG6PxRUqVs"}
Request received: {"token":"eyJ0eXAiOiJKV1QiLCJhbGciOiJIUzI1NiJ9.eyJ1c2VyX2lkIjoxLCJ1c2VybmFtZSI6ImFsZXhtaWhhaSIsImV4cCI6MTc0NjUxMTE4M30.BEoEIz2faSENM75vw8NXgF73oAWIxRqdNeG6PxRUqVs"}
Request received: {"token":"eyJ0eXAiOiJKV1QiLCJhbGciOiJIUzI1NiJ9.eyJ1c2VyX2lkIjoxLCJ1c2VybmFtZSI6ImFsZXhtaWhhaSIsImV4cCI6MTc0NjUxMTE4M30.BEoEIz2faSENM75vw8NXgF73oAWIxRqdNeG6PxRUqVs"}
Request received: {"token":"eyJ0eXAiOiJKV1QiLCJhbGciOiJIUzI1NiJ9.eyJ1c2VyX2lkIjoxLCJ1c2VybmFtZSI6ImFsZXhtaWhhaSIsImV4cCI6MTc0NjUxMTE4M30.BEoEIz2faSENM75vw8NXgF73oAWIxRqdNeG6PxRUqVs"}
Request received: {"token":"eyJ0eXAiOiJKV1QiLCJhbGciOiJIUzI1NiJ9.eyJ1c2VyX2lkIjoxLCJ1c2VybmFtZSI6ImFsZXhtaWhhaSIsImV4cCI6MTc0NjUxMTE4M30.BEoEIz2faSENM75vw8NXgF73oAWIxRqdNeG6PxRUqVs"}
Request received: {"token":"eyJ0eXAiOiJKV1QiLCJhbGciOiJIUzI1NiJ9.eyJ1c2VyX2lkIjoxLCJ1c2VybmFtZSI6ImFsZXhtaWhhaSIsImV4cCI6MTc0NjUxMTE4M30.BEoEIz2faSENM75vw8NXgF73oAWIxRqdNeG6PxRUqVs"}
Request received: {"token":"eyJ0eXAiOiJKV1QiLCJhbGciOiJIUzI1NiJ9.eyJ1c2VyX2lkIjoxLCJ1c2VybmFtZSI6ImFsZXhtaWhhaSIsImV4cCI6MTc0NjUxMTE4M30.BEoEIz2faSENM75vw8NXgF73oAWIxRqdNeG6PxRUqVs"}
Request received: {"token":"eyJ0eXAiOiJKV1QiLCJhbGciOiJIUzI1NiJ9.eyJ1c2VyX2lkIjoxLCJ1c2VybmFtZSI6ImFsZXhtaWhhaSIsImV4cCI6MTc0NjUxMTE4M30.BEoEIz2faSENM75vw8NXgF73oAWIxRqdNeG6PxRUqVs"}
Request received: {"token":"eyJ0eXAiOiJKV1QiLCJhbGciOiJIUzI1NiJ9.eyJ1c2VyX2lkIjoxLCJ1c2VybmFtZSI6ImFsZXhtaWhhaSIsImV4cCI6MTc0NjUxMTE4M30.BEoEIz2faSENM75vw8NXgF73oAWIxRqdNeG6PxRUqVs"}
Request received: {"token":"eyJ0eXAiOiJKV1QiLCJhbGciOiJIUzI1NiJ9.eyJ1c2VyX2lkIjoxLCJ1c2VybmFtZSI6ImFsZXhtaWhhaSIsImV4cCI6MTc0NjUxMTE4M30.BEoEIz2faSENM75vw8NXgF73oAWIxRqdNeG6PxRUqVs"}
Request received: {"token":"eyJ0eXAiOiJKV1QiLCJhbGciOiJIUzI1NiJ9.eyJ1c2VyX2lkIjoxLCJ1c2VybmFtZSI6ImFsZXhtaWhhaSIsImV4cCI6MTc0NjUxMTE4M30.BEoEIz2faSENM75vw8NXgF73oAWIxRqdNeG6PxRUqVs"}
Invalid token: Expired token
Request received: {"token":"eyJ0eXAiOiJKV1QiLCJhbGciOiJIUzI1NiJ9.eyJ1c2VyX2lkIjoxLCJ1c2VybmFtZSI6ImFsZXhtaWhhaSIsImV4cCI6MTc0NjUyMTY4MX0.Ak6qGJaFu2QvEYr00nv-v76zLWMMtk5Rc0EvtZ_RMhI"}
Request received: {"token":"eyJ0eXAiOiJKV1QiLCJhbGciOiJIUzI1NiJ9.eyJ1c2VyX2lkIjoyLCJ1c2VybmFtZSI6ImlvbmlvbmVzY3UiLCJleHAiOjE3NDY1MjE2OTN9.7SWJNYJOQ19D-8N52-UTUeSqbyTo7G_vCViDlJL-7Fo"}
Request received: {"token":"eyJ0eXAiOiJKV1QiLCJhbGciOiJIUzI1NiJ9.eyJ1c2VyX2lkIjoxLCJ1c2VybmFtZSI6ImFsZXhtaWhhaSIsImV4cCI6MTc0NjUyMTY4MX0.Ak6qGJaFu2QvEYr00nv-v76zLWMMtk5Rc0EvtZ_RMhI"}
Request received: {"token":"eyJ0eXAiOiJKV1QiLCJhbGciOiJIUzI1NiJ9.eyJ1c2VyX2lkIjoyLCJ1c2VybmFtZSI6ImlvbmlvbmVzY3UiLCJleHAiOjE3NDY1MjE2OTN9.7SWJNYJOQ19D-8N52-UTUeSqbyTo7G_vCViDlJL-7Fo"}
Request received: {"token":"eyJ0eXAiOiJKV1QiLCJhbGciOiJIUzI1NiJ9.eyJ1c2VyX2lkIjoyLCJ1c2VybmFtZSI6ImlvbmlvbmVzY3UiLCJleHAiOjE3NDY1MjE2OTN9.7SWJNYJOQ19D-8N52-UTUeSqbyTo7G_vCViDlJL-7Fo"}
Request received: {"token":"eyJ0eXAiOiJKV1QiLCJhbGciOiJIUzI1NiJ9.eyJ1c2VyX2lkIjoxLCJ1c2VybmFtZSI6ImFsZXhtaWhhaSIsImV4cCI6MTc0NjUyMTY4MX0.Ak6qGJaFu2QvEYr00nv-v76zLWMMtk5Rc0EvtZ_RMhI"}
Request received: {"token":"eyJ0eXAiOiJKV1QiLCJhbGciOiJIUzI1NiJ9.eyJ1c2VyX2lkIjoyLCJ1c2VybmFtZSI6ImlvbmlvbmVzY3UiLCJleHAiOjE3NDY1MjE2OTN9.7SWJNYJOQ19D-8N52-UTUeSqbyTo7G_vCViDlJL-7Fo"}
Request received: {"token":"eyJ0eXAiOiJKV1QiLCJhbGciOiJIUzI1NiJ9.eyJ1c2VyX2lkIjoxLCJ1c2VybmFtZSI6ImFsZXhtaWhhaSIsImV4cCI6MTc0NjUyMTY4MX0.Ak6qGJaFu2QvEYr00nv-v76zLWMMtk5Rc0EvtZ_RMhI"}
Request received: {"token":"eyJ0eXAiOiJKV1QiLCJhbGciOiJIUzI1NiJ9.eyJ1c2VyX2lkIjoyLCJ1c2VybmFtZSI6ImlvbmlvbmVzY3UiLCJleHAiOjE3NDY1MjE2OTN9.7SWJNYJOQ19D-8N52-UTUeSqbyTo7G_vCViDlJL-7Fo"}
Request received: {"token":"eyJ0eXAiOiJKV1QiLCJhbGciOiJIUzI1NiJ9.eyJ1c2VyX2lkIjoxLCJ1c2VybmFtZSI6ImFsZXhtaWhhaSIsImV4cCI6MTc0NjUyMTY4MX0.Ak6qGJaFu2QvEYr00nv-v76zLWMMtk5Rc0EvtZ_RMhI"}
Request received: {"token":"eyJ0eXAiOiJKV1QiLCJhbGciOiJIUzI1NiJ9.eyJ1c2VyX2lkIjoyLCJ1c2VybmFtZSI6ImlvbmlvbmVzY3UiLCJleHAiOjE3NDY1MjE2OTN9.7SWJNYJOQ19D-8N52-UTUeSqbyTo7G_vCViDlJL-7Fo"}
Request received: {"token":"eyJ0eXAiOiJKV1QiLCJhbGciOiJIUzI1NiJ9.eyJ1c2VyX2lkIjoxLCJ1c2VybmFtZSI6ImFsZXhtaWhhaSIsImV4cCI6MTc0NjUyMTY4MX0.Ak6qGJaFu2QvEYr00nv-v76zLWMMtk5Rc0EvtZ_RMhI"}
Request received: {"token":"eyJ0eXAiOiJKV1QiLCJhbGciOiJIUzI1NiJ9.eyJ1c2VyX2lkIjoyLCJ1c2VybmFtZSI6ImlvbmlvbmVzY3UiLCJleHAiOjE3NDY1MjE2OTN9.7SWJNYJOQ19D-8N52-UTUeSqbyTo7G_vCViDlJL-7Fo"}
Request received: {"token":"eyJ0eXAiOiJKV1QiLCJhbGciOiJIUzI1NiJ9.eyJ1c2VyX2lkIjoxLCJ1c2VybmFtZSI6ImFsZXhtaWhhaSIsImV4cCI6MTc0NjUyMTY4MX0.Ak6qGJaFu2QvEYr00nv-v76zLWMMtk5Rc0EvtZ_RMhI"}
Request received: {"token":"eyJ0eXAiOiJKV1QiLCJhbGciOiJIUzI1NiJ9.eyJ1c2VyX2lkIjoyLCJ1c2VybmFtZSI6ImlvbmlvbmVzY3UiLCJleHAiOjE3NDY1MjE2OTN9.7SWJNYJOQ19D-8N52-UTUeSqbyTo7G_vCViDlJL-7Fo"}
Request received: {"token":"eyJ0eXAiOiJKV1QiLCJhbGciOiJIUzI1NiJ9.eyJ1c2VyX2lkIjoxLCJ1c2VybmFtZSI6ImFsZXhtaWhhaSIsImV4cCI6MTc0NjUyMTY4MX0.Ak6qGJaFu2QvEYr00nv-v76zLWMMtk5Rc0EvtZ_RMhI"}
Request received: {"token":"eyJ0eXAiOiJKV1QiLCJhbGciOiJIUzI1NiJ9.eyJ1c2VyX2lkIjoyLCJ1c2VybmFtZSI6ImlvbmlvbmVzY3UiLCJleHAiOjE3NDY1MjE2OTN9.7SWJNYJOQ19D-8N52-UTUeSqbyTo7G_vCViDlJL-7Fo"}
Request received: {"token":"eyJ0eXAiOiJKV1QiLCJhbGciOiJIUzI1NiJ9.eyJ1c2VyX2lkIjoxLCJ1c2VybmFtZSI6ImFsZXhtaWhhaSIsImV4cCI6MTc0NjUyMTY4MX0.Ak6qGJaFu2QvEYr00nv-v76zLWMMtk5Rc0EvtZ_RMhI"}
Request received: {"token":"eyJ0eXAiOiJKV1QiLCJhbGciOiJIUzI1NiJ9.eyJ1c2VyX2lkIjoyLCJ1c2VybmFtZSI6ImlvbmlvbmVzY3UiLCJleHAiOjE3NDY1MjE2OTN9.7SWJNYJOQ19D-8N52-UTUeSqbyTo7G_vCViDlJL-7Fo"}
Request received: {"token":"eyJ0eXAiOiJKV1QiLCJhbGciOiJIUzI1NiJ9.eyJ1c2VyX2lkIjoxLCJ1c2VybmFtZSI6ImFsZXhtaWhhaSIsImV4cCI6MTc0NjUyMTY4MX0.Ak6qGJaFu2QvEYr00nv-v76zLWMMtk5Rc0EvtZ_RMhI"}
Request received: {"token":"eyJ0eXAiOiJKV1QiLCJhbGciOiJIUzI1NiJ9.eyJ1c2VyX2lkIjoxLCJ1c2VybmFtZSI6ImFsZXhtaWhhaSIsImV4cCI6MTc0NjUyMTY4MX0.Ak6qGJaFu2QvEYr00nv-v76zLWMMtk5Rc0EvtZ_RMhI"}
Request received: {"token":"eyJ0eXAiOiJKV1QiLCJhbGciOiJIUzI1NiJ9.eyJ1c2VyX2lkIjoyLCJ1c2VybmFtZSI6ImlvbmlvbmVzY3UiLCJleHAiOjE3NDY1MjE2OTN9.7SWJNYJOQ19D-8N52-UTUeSqbyTo7G_vCViDlJL-7Fo"}
Request received: {"token":"eyJ0eXAiOiJKV1QiLCJhbGciOiJIUzI1NiJ9.eyJ1c2VyX2lkIjoxLCJ1c2VybmFtZSI6ImFsZXhtaWhhaSIsImV4cCI6MTc0NjUyMTY4MX0.Ak6qGJaFu2QvEYr00nv-v76zLWMMtk5Rc0EvtZ_RMhI"}
Request received: {"token":"eyJ0eXAiOiJKV1QiLCJhbGciOiJIUzI1NiJ9.eyJ1c2VyX2lkIjoyLCJ1c2VybmFtZSI6ImlvbmlvbmVzY3UiLCJleHAiOjE3NDY1MjE2OTN9.7SWJNYJOQ19D-8N52-UTUeSqbyTo7G_vCViDlJL-7Fo"}
Request received: {"token":"eyJ0eXAiOiJKV1QiLCJhbGciOiJIUzI1NiJ9.eyJ1c2VyX2lkIjoxLCJ1c2VybmFtZSI6ImFsZXhtaWhhaSIsImV4cCI6MTc0NjUyMTY4MX0.Ak6qGJaFu2QvEYr00nv-v76zLWMMtk5Rc0EvtZ_RMhI"}
Request received: {"token":"eyJ0eXAiOiJKV1QiLCJhbGciOiJIUzI1NiJ9.eyJ1c2VyX2lkIjoyLCJ1c2VybmFtZSI6ImlvbmlvbmVzY3UiLCJleHAiOjE3NDY1MjE2OTN9.7SWJNYJOQ19D-8N52-UTUeSqbyTo7G_vCViDlJL-7Fo"}
Request received: {"token":"eyJ0eXAiOiJKV1QiLCJhbGciOiJIUzI1NiJ9.eyJ1c2VyX2lkIjoxLCJ1c2VybmFtZSI6ImFsZXhtaWhhaSIsImV4cCI6MTc0NjUyMTY4MX0.Ak6qGJaFu2QvEYr00nv-v76zLWMMtk5Rc0EvtZ_RMhI"}
Request received: {"token":"eyJ0eXAiOiJKV1QiLCJhbGciOiJIUzI1NiJ9.eyJ1c2VyX2lkIjoyLCJ1c2VybmFtZSI6ImlvbmlvbmVzY3UiLCJleHAiOjE3NDY1MjE2OTN9.7SWJNYJOQ19D-8N52-UTUeSqbyTo7G_vCViDlJL-7Fo"}
Request received: {"token":"eyJ0eXAiOiJKV1QiLCJhbGciOiJIUzI1NiJ9.eyJ1c2VyX2lkIjoxLCJ1c2VybmFtZSI6ImFsZXhtaWhhaSIsImV4cCI6MTc0NjUyMTY4MX0.Ak6qGJaFu2QvEYr00nv-v76zLWMMtk5Rc0EvtZ_RMhI"}
Request received: {"token":"eyJ0eXAiOiJKV1QiLCJhbGciOiJIUzI1NiJ9.eyJ1c2VyX2lkIjoyLCJ1c2VybmFtZSI6ImlvbmlvbmVzY3UiLCJleHAiOjE3NDY1MjE2OTN9.7SWJNYJOQ19D-8N52-UTUeSqbyTo7G_vCViDlJL-7Fo"}
Request received: {"token":"eyJ0eXAiOiJKV1QiLCJhbGciOiJIUzI1NiJ9.eyJ1c2VyX2lkIjoxLCJ1c2VybmFtZSI6ImFsZXhtaWhhaSIsImV4cCI6MTc0NjUyMTY4MX0.Ak6qGJaFu2QvEYr00nv-v76zLWMMtk5Rc0EvtZ_RMhI"}
Request received: {"token":"eyJ0eXAiOiJKV1QiLCJhbGciOiJIUzI1NiJ9.eyJ1c2VyX2lkIjoyLCJ1c2VybmFtZSI6ImlvbmlvbmVzY3UiLCJleHAiOjE3NDY1MjE2OTN9.7SWJNYJOQ19D-8N52-UTUeSqbyTo7G_vCViDlJL-7Fo"}
Request received: {"token":"eyJ0eXAiOiJKV1QiLCJhbGciOiJIUzI1NiJ9.eyJ1c2VyX2lkIjoyLCJ1c2VybmFtZSI6ImlvbmlvbmVzY3UiLCJleHAiOjE3NDY1MjE2OTN9.7SWJNYJOQ19D-8N52-UTUeSqbyTo7G_vCViDlJL-7Fo"}
Request received: {"token":"eyJ0eXAiOiJKV1QiLCJhbGciOiJIUzI1NiJ9.eyJ1c2VyX2lkIjoxLCJ1c2VybmFtZSI6ImFsZXhtaWhhaSIsImV4cCI6MTc0NjUyMTY4MX0.Ak6qGJaFu2QvEYr00nv-v76zLWMMtk5Rc0EvtZ_RMhI"}
Request received: {"token":"eyJ0eXAiOiJKV1QiLCJhbGciOiJIUzI1NiJ9.eyJ1c2VyX2lkIjoyLCJ1c2VybmFtZSI6ImlvbmlvbmVzY3UiLCJleHAiOjE3NDY1MjE2OTN9.7SWJNYJOQ19D-8N52-UTUeSqbyTo7G_vCViDlJL-7Fo"}
Request received: {"token":"eyJ0eXAiOiJKV1QiLCJhbGciOiJIUzI1NiJ9.eyJ1c2VyX2lkIjoxLCJ1c2VybmFtZSI6ImFsZXhtaWhhaSIsImV4cCI6MTc0NjUyMTY4MX0.Ak6qGJaFu2QvEYr00nv-v76zLWMMtk5Rc0EvtZ_RMhI"}
Request received: {"token":"eyJ0eXAiOiJKV1QiLCJhbGciOiJIUzI1NiJ9.eyJ1c2VyX2lkIjoyLCJ1c2VybmFtZSI6ImlvbmlvbmVzY3UiLCJleHAiOjE3NDY1MjE2OTN9.7SWJNYJOQ19D-8N52-UTUeSqbyTo7G_vCViDlJL-7Fo"}
Request received: {"token":"eyJ0eXAiOiJKV1QiLCJhbGciOiJIUzI1NiJ9.eyJ1c2VyX2lkIjoxLCJ1c2VybmFtZSI6ImFsZXhtaWhhaSIsImV4cCI6MTc0NjUyMTY4MX0.Ak6qGJaFu2QvEYr00nv-v76zLWMMtk5Rc0EvtZ_RMhI"}
Request received: {"token":"eyJ0eXAiOiJKV1QiLCJhbGciOiJIUzI1NiJ9.eyJ1c2VyX2lkIjoyLCJ1c2VybmFtZSI6ImlvbmlvbmVzY3UiLCJleHAiOjE3NDY1MjE2OTN9.7SWJNYJOQ19D-8N52-UTUeSqbyTo7G_vCViDlJL-7Fo"}
Request received: {"token":"eyJ0eXAiOiJKV1QiLCJhbGciOiJIUzI1NiJ9.eyJ1c2VyX2lkIjoxLCJ1c2VybmFtZSI6ImFsZXhtaWhhaSIsImV4cCI6MTc0NjUyMTY4MX0.Ak6qGJaFu2QvEYr00nv-v76zLWMMtk5Rc0EvtZ_RMhI"}
Request received: {"token":"eyJ0eXAiOiJKV1QiLCJhbGciOiJIUzI1NiJ9.eyJ1c2VyX2lkIjoyLCJ1c2VybmFtZSI6ImlvbmlvbmVzY3UiLCJleHAiOjE3NDY1MjE2OTN9.7SWJNYJOQ19D-8N52-UTUeSqbyTo7G_vCViDlJL-7Fo"}
Request received: {"token":"eyJ0eXAiOiJKV1QiLCJhbGciOiJIUzI1NiJ9.eyJ1c2VyX2lkIjoxLCJ1c2VybmFtZSI6ImFsZXhtaWhhaSIsImV4cCI6MTc0NjUyMTY4MX0.Ak6qGJaFu2QvEYr00nv-v76zLWMMtk5Rc0EvtZ_RMhI"}
Request received: {"token":"eyJ0eXAiOiJKV1QiLCJhbGciOiJIUzI1NiJ9.eyJ1c2VyX2lkIjoyLCJ1c2VybmFtZSI6ImlvbmlvbmVzY3UiLCJleHAiOjE3NDY1MjE2OTN9.7SWJNYJOQ19D-8N52-UTUeSqbyTo7G_vCViDlJL-7Fo"}
Request received: {"token":"eyJ0eXAiOiJKV1QiLCJhbGciOiJIUzI1NiJ9.eyJ1c2VyX2lkIjoxLCJ1c2VybmFtZSI6ImFsZXhtaWhhaSIsImV4cCI6MTc0NjUyMTY4MX0.Ak6qGJaFu2QvEYr00nv-v76zLWMMtk5Rc0EvtZ_RMhI"}
Request received: {"token":"eyJ0eXAiOiJKV1QiLCJhbGciOiJIUzI1NiJ9.eyJ1c2VyX2lkIjoyLCJ1c2VybmFtZSI6ImlvbmlvbmVzY3UiLCJleHAiOjE3NDY1MjE2OTN9.7SWJNYJOQ19D-8N52-UTUeSqbyTo7G_vCViDlJL-7Fo"}
Request received: {"token":"eyJ0eXAiOiJKV1QiLCJhbGciOiJIUzI1NiJ9.eyJ1c2VyX2lkIjoxLCJ1c2VybmFtZSI6ImFsZXhtaWhhaSIsImV4cCI6MTc0NjUyMTY4MX0.Ak6qGJaFu2QvEYr00nv-v76zLWMMtk5Rc0EvtZ_RMhI"}
Request received: {"token":"eyJ0eXAiOiJKV1QiLCJhbGciOiJIUzI1NiJ9.eyJ1c2VyX2lkIjoyLCJ1c2VybmFtZSI6ImlvbmlvbmVzY3UiLCJleHAiOjE3NDY1MjE2OTN9.7SWJNYJOQ19D-8N52-UTUeSqbyTo7G_vCViDlJL-7Fo"}
Request received: {"token":"eyJ0eXAiOiJKV1QiLCJhbGciOiJIUzI1NiJ9.eyJ1c2VyX2lkIjoxLCJ1c2VybmFtZSI6ImFsZXhtaWhhaSIsImV4cCI6MTc0NjUyMTY4MX0.Ak6qGJaFu2QvEYr00nv-v76zLWMMtk5Rc0EvtZ_RMhI"}
Request received: {"token":"eyJ0eXAiOiJKV1QiLCJhbGciOiJIUzI1NiJ9.eyJ1c2VyX2lkIjoyLCJ1c2VybmFtZSI6ImlvbmlvbmVzY3UiLCJleHAiOjE3NDY1MjE2OTN9.7SWJNYJOQ19D-8N52-UTUeSqbyTo7G_vCViDlJL-7Fo"}
Request received: {"token":"eyJ0eXAiOiJKV1QiLCJhbGciOiJIUzI1NiJ9.eyJ1c2VyX2lkIjoxLCJ1c2VybmFtZSI6ImFsZXhtaWhhaSIsImV4cCI6MTc0NjUyMTY4MX0.Ak6qGJaFu2QvEYr00nv-v76zLWMMtk5Rc0EvtZ_RMhI"}
Invalid token: Expired token
Request received: {"token":"eyJ0eXAiOiJKV1QiLCJhbGciOiJIUzI1NiJ9.eyJ1c2VyX2lkIjoxLCJ1c2VybmFtZSI6ImFsZXhtaWhhaSIsImV4cCI6MTc0NjUyNzIzOH0.Eq2EpKu9sU5PXHCUyAT0BAzthEFi5n2W-EOyJl6WE6Y"}
Request received: {"token":"eyJ0eXAiOiJKV1QiLCJhbGciOiJIUzI1NiJ9.eyJ1c2VyX2lkIjoxLCJ1c2VybmFtZSI6ImFsZXhtaWhhaSIsImV4cCI6MTc0NjUyNzIzOH0.Eq2EpKu9sU5PXHCUyAT0BAzthEFi5n2W-EOyJl6WE6Y"}
Request received: {"token":"eyJ0eXAiOiJKV1QiLCJhbGciOiJIUzI1NiJ9.eyJ1c2VyX2lkIjoxLCJ1c2VybmFtZSI6ImFsZXhtaWhhaSIsImV4cCI6MTc0NjUyNzIzOH0.Eq2EpKu9sU5PXHCUyAT0BAzthEFi5n2W-EOyJl6WE6Y"}
Request received: {"token":"eyJ0eXAiOiJKV1QiLCJhbGciOiJIUzI1NiJ9.eyJ1c2VyX2lkIjoxLCJ1c2VybmFtZSI6ImFsZXhtaWhhaSIsImV4cCI6MTc0NjUyNzIzOH0.Eq2EpKu9sU5PXHCUyAT0BAzthEFi5n2W-EOyJl6WE6Y"}
Request received: {"token":"eyJ0eXAiOiJKV1QiLCJhbGciOiJIUzI1NiJ9.eyJ1c2VyX2lkIjoyLCJ1c2VybmFtZSI6ImlvbmlvbmVzY3UiLCJleHAiOjE3NDY1Mjc5Nzh9.esXZhx_grKcy_nJnh2HC6Bt6q_SBK6AocQNZxyfzjEM"}
Request received: {"token":"eyJ0eXAiOiJKV1QiLCJhbGciOiJIUzI1NiJ9.eyJ1c2VyX2lkIjoxLCJ1c2VybmFtZSI6ImFsZXhtaWhhaSIsImV4cCI6MTc0NjUyNzIzOH0.Eq2EpKu9sU5PXHCUyAT0BAzthEFi5n2W-EOyJl6WE6Y"}
Request received: {"token":"eyJ0eXAiOiJKV1QiLCJhbGciOiJIUzI1NiJ9.eyJ1c2VyX2lkIjoyLCJ1c2VybmFtZSI6ImlvbmlvbmVzY3UiLCJleHAiOjE3NDY1Mjc5Nzh9.esXZhx_grKcy_nJnh2HC6Bt6q_SBK6AocQNZxyfzjEM"}
Request received: {"token":"eyJ0eXAiOiJKV1QiLCJhbGciOiJIUzI1NiJ9.eyJ1c2VyX2lkIjoxLCJ1c2VybmFtZSI6ImFsZXhtaWhhaSIsImV4cCI6MTc0NjUyNzIzOH0.Eq2EpKu9sU5PXHCUyAT0BAzthEFi5n2W-EOyJl6WE6Y"}
Request received: {"token":"eyJ0eXAiOiJKV1QiLCJhbGciOiJIUzI1NiJ9.eyJ1c2VyX2lkIjoyLCJ1c2VybmFtZSI6ImlvbmlvbmVzY3UiLCJleHAiOjE3NDY1Mjc5Nzh9.esXZhx_grKcy_nJnh2HC6Bt6q_SBK6AocQNZxyfzjEM"}
Request received: {"token":"eyJ0eXAiOiJKV1QiLCJhbGciOiJIUzI1NiJ9.eyJ1c2VyX2lkIjoxLCJ1c2VybmFtZSI6ImFsZXhtaWhhaSIsImV4cCI6MTc0NjUyNzIzOH0.Eq2EpKu9sU5PXHCUyAT0BAzthEFi5n2W-EOyJl6WE6Y"}
Request received: {"token":"eyJ0eXAiOiJKV1QiLCJhbGciOiJIUzI1NiJ9.eyJ1c2VyX2lkIjoyLCJ1c2VybmFtZSI6ImlvbmlvbmVzY3UiLCJleHAiOjE3NDY1Mjc5Nzh9.esXZhx_grKcy_nJnh2HC6Bt6q_SBK6AocQNZxyfzjEM"}
Request received: {"token":"eyJ0eXAiOiJKV1QiLCJhbGciOiJIUzI1NiJ9.eyJ1c2VyX2lkIjoyLCJ1c2VybmFtZSI6ImlvbmlvbmVzY3UiLCJleHAiOjE3NDY1Mjc5Nzh9.esXZhx_grKcy_nJnh2HC6Bt6q_SBK6AocQNZxyfzjEM"}
Request received: {"token":"eyJ0eXAiOiJKV1QiLCJhbGciOiJIUzI1NiJ9.eyJ1c2VyX2lkIjoyLCJ1c2VybmFtZSI6ImlvbmlvbmVzY3UiLCJleHAiOjE3NDY1Mjc5Nzh9.esXZhx_grKcy_nJnh2HC6Bt6q_SBK6AocQNZxyfzjEM"}
Request received: {"token":"eyJ0eXAiOiJKV1QiLCJhbGciOiJIUzI1NiJ9.eyJ1c2VyX2lkIjoxLCJ1c2VybmFtZSI6ImFsZXhtaWhhaSIsImV4cCI6MTc0NjUyNzIzOH0.Eq2EpKu9sU5PXHCUyAT0BAzthEFi5n2W-EOyJl6WE6Y"}
Request received: {"token":"eyJ0eXAiOiJKV1QiLCJhbGciOiJIUzI1NiJ9.eyJ1c2VyX2lkIjoyLCJ1c2VybmFtZSI6ImlvbmlvbmVzY3UiLCJleHAiOjE3NDY1Mjc5Nzh9.esXZhx_grKcy_nJnh2HC6Bt6q_SBK6AocQNZxyfzjEM"}
Request received: {"token":"eyJ0eXAiOiJKV1QiLCJhbGciOiJIUzI1NiJ9.eyJ1c2VyX2lkIjoxLCJ1c2VybmFtZSI6ImFsZXhtaWhhaSIsImV4cCI6MTc0NjUyNzIzOH0.Eq2EpKu9sU5PXHCUyAT0BAzthEFi5n2W-EOyJl6WE6Y"}
Request received: {"token":"eyJ0eXAiOiJKV1QiLCJhbGciOiJIUzI1NiJ9.eyJ1c2VyX2lkIjoyLCJ1c2VybmFtZSI6ImlvbmlvbmVzY3UiLCJleHAiOjE3NDY1Mjc5Nzh9.esXZhx_grKcy_nJnh2HC6Bt6q_SBK6AocQNZxyfzjEM"}
Request received: {"token":"eyJ0eXAiOiJKV1QiLCJhbGciOiJIUzI1NiJ9.eyJ1c2VyX2lkIjoxLCJ1c2VybmFtZSI6ImFsZXhtaWhhaSIsImV4cCI6MTc0NjUyNzIzOH0.Eq2EpKu9sU5PXHCUyAT0BAzthEFi5n2W-EOyJl6WE6Y"}
Request received: {"token":"eyJ0eXAiOiJKV1QiLCJhbGciOiJIUzI1NiJ9.eyJ1c2VyX2lkIjoyLCJ1c2VybmFtZSI6ImlvbmlvbmVzY3UiLCJleHAiOjE3NDY1Mjc5Nzh9.esXZhx_grKcy_nJnh2HC6Bt6q_SBK6AocQNZxyfzjEM"}
Request received: {"token":"eyJ0eXAiOiJKV1QiLCJhbGciOiJIUzI1NiJ9.eyJ1c2VyX2lkIjoxLCJ1c2VybmFtZSI6ImFsZXhtaWhhaSIsImV4cCI6MTc0NjUyNzIzOH0.Eq2EpKu9sU5PXHCUyAT0BAzthEFi5n2W-EOyJl6WE6Y"}
Request received: {"token":"eyJ0eXAiOiJKV1QiLCJhbGciOiJIUzI1NiJ9.eyJ1c2VyX2lkIjoyLCJ1c2VybmFtZSI6ImlvbmlvbmVzY3UiLCJleHAiOjE3NDY1Mjc5Nzh9.esXZhx_grKcy_nJnh2HC6Bt6q_SBK6AocQNZxyfzjEM"}
Request received: {"token":"eyJ0eXAiOiJKV1QiLCJhbGciOiJIUzI1NiJ9.eyJ1c2VyX2lkIjoxLCJ1c2VybmFtZSI6ImFsZXhtaWhhaSIsImV4cCI6MTc0NjUyNzIzOH0.Eq2EpKu9sU5PXHCUyAT0BAzthEFi5n2W-EOyJl6WE6Y"}
Request received: {"token":"eyJ0eXAiOiJKV1QiLCJhbGciOiJIUzI1NiJ9.eyJ1c2VyX2lkIjoyLCJ1c2VybmFtZSI6ImlvbmlvbmVzY3UiLCJleHAiOjE3NDY1Mjc5Nzh9.esXZhx_grKcy_nJnh2HC6Bt6q_SBK6AocQNZxyfzjEM"}
Request received: {"token":"eyJ0eXAiOiJKV1QiLCJhbGciOiJIUzI1NiJ9.eyJ1c2VyX2lkIjoxLCJ1c2VybmFtZSI6ImFsZXhtaWhhaSIsImV4cCI6MTc0NjUyNzIzOH0.Eq2EpKu9sU5PXHCUyAT0BAzthEFi5n2W-EOyJl6WE6Y"}
Request received: {"token":"eyJ0eXAiOiJKV1QiLCJhbGciOiJIUzI1NiJ9.eyJ1c2VyX2lkIjoyLCJ1c2VybmFtZSI6ImlvbmlvbmVzY3UiLCJleHAiOjE3NDY1Mjc5Nzh9.esXZhx_grKcy_nJnh2HC6Bt6q_SBK6AocQNZxyfzjEM"}
Request received: {"token":"eyJ0eXAiOiJKV1QiLCJhbGciOiJIUzI1NiJ9.eyJ1c2VyX2lkIjoxLCJ1c2VybmFtZSI6ImFsZXhtaWhhaSIsImV4cCI6MTc0NjUyNzIzOH0.Eq2EpKu9sU5PXHCUyAT0BAzthEFi5n2W-EOyJl6WE6Y"}
Request received: {"token":"eyJ0eXAiOiJKV1QiLCJhbGciOiJIUzI1NiJ9.eyJ1c2VyX2lkIjoyLCJ1c2VybmFtZSI6ImlvbmlvbmVzY3UiLCJleHAiOjE3NDY1Mjc5Nzh9.esXZhx_grKcy_nJnh2HC6Bt6q_SBK6AocQNZxyfzjEM"}
Request received: {"token":"eyJ0eXAiOiJKV1QiLCJhbGciOiJIUzI1NiJ9.eyJ1c2VyX2lkIjoxLCJ1c2VybmFtZSI6ImFsZXhtaWhhaSIsImV4cCI6MTc0NjUyNzIzOH0.Eq2EpKu9sU5PXHCUyAT0BAzthEFi5n2W-EOyJl6WE6Y"}
Request received: {"token":"eyJ0eXAiOiJKV1QiLCJhbGciOiJIUzI1NiJ9.eyJ1c2VyX2lkIjoxLCJ1c2VybmFtZSI6ImFsZXhtaWhhaSIsImV4cCI6MTc0NjUyNzIzOH0.Eq2EpKu9sU5PXHCUyAT0BAzthEFi5n2W-EOyJl6WE6Y"}
Request received: {"token":"eyJ0eXAiOiJKV1QiLCJhbGciOiJIUzI1NiJ9.eyJ1c2VyX2lkIjoyLCJ1c2VybmFtZSI6ImlvbmlvbmVzY3UiLCJleHAiOjE3NDY1Mjc5Nzh9.esXZhx_grKcy_nJnh2HC6Bt6q_SBK6AocQNZxyfzjEM"}
Request received: {"token":"eyJ0eXAiOiJKV1QiLCJhbGciOiJIUzI1NiJ9.eyJ1c2VyX2lkIjoxLCJ1c2VybmFtZSI6ImFsZXhtaWhhaSIsImV4cCI6MTc0NjUyNzIzOH0.Eq2EpKu9sU5PXHCUyAT0BAzthEFi5n2W-EOyJl6WE6Y"}
Request received: {"token":"eyJ0eXAiOiJKV1QiLCJhbGciOiJIUzI1NiJ9.eyJ1c2VyX2lkIjoxLCJ1c2VybmFtZSI6ImFsZXhtaWhhaSIsImV4cCI6MTc0NjUyNzIzOH0.Eq2EpKu9sU5PXHCUyAT0BAzthEFi5n2W-EOyJl6WE6Y"}
Request received: {"token":"eyJ0eXAiOiJKV1QiLCJhbGciOiJIUzI1NiJ9.eyJ1c2VyX2lkIjoyLCJ1c2VybmFtZSI6ImlvbmlvbmVzY3UiLCJleHAiOjE3NDY1Mjc5Nzh9.esXZhx_grKcy_nJnh2HC6Bt6q_SBK6AocQNZxyfzjEM"}
Request received: {"token":"eyJ0eXAiOiJKV1QiLCJhbGciOiJIUzI1NiJ9.eyJ1c2VyX2lkIjoxLCJ1c2VybmFtZSI6ImFsZXhtaWhhaSIsImV4cCI6MTc0NjUyNzIzOH0.Eq2EpKu9sU5PXHCUyAT0BAzthEFi5n2W-EOyJl6WE6Y"}
Request received: {"token":"eyJ0eXAiOiJKV1QiLCJhbGciOiJIUzI1NiJ9.eyJ1c2VyX2lkIjoyLCJ1c2VybmFtZSI6ImlvbmlvbmVzY3UiLCJleHAiOjE3NDY1Mjc5Nzh9.esXZhx_grKcy_nJnh2HC6Bt6q_SBK6AocQNZxyfzjEM"}
Request received: {"token":"eyJ0eXAiOiJKV1QiLCJhbGciOiJIUzI1NiJ9.eyJ1c2VyX2lkIjoxLCJ1c2VybmFtZSI6ImFsZXhtaWhhaSIsImV4cCI6MTc0NjUyNzIzOH0.Eq2EpKu9sU5PXHCUyAT0BAzthEFi5n2W-EOyJl6WE6Y"}
Request received: {"token":"eyJ0eXAiOiJKV1QiLCJhbGciOiJIUzI1NiJ9.eyJ1c2VyX2lkIjoyLCJ1c2VybmFtZSI6ImlvbmlvbmVzY3UiLCJleHAiOjE3NDY1Mjc5Nzh9.esXZhx_grKcy_nJnh2HC6Bt6q_SBK6AocQNZxyfzjEM"}
Request received: {"token":"eyJ0eXAiOiJKV1QiLCJhbGciOiJIUzI1NiJ9.eyJ1c2VyX2lkIjoxLCJ1c2VybmFtZSI6ImFsZXhtaWhhaSIsImV4cCI6MTc0NjUyNzIzOH0.Eq2EpKu9sU5PXHCUyAT0BAzthEFi5n2W-EOyJl6WE6Y"}
Request received: {"token":"eyJ0eXAiOiJKV1QiLCJhbGciOiJIUzI1NiJ9.eyJ1c2VyX2lkIjoyLCJ1c2VybmFtZSI6ImlvbmlvbmVzY3UiLCJleHAiOjE3NDY1Mjc5Nzh9.esXZhx_grKcy_nJnh2HC6Bt6q_SBK6AocQNZxyfzjEM"}
Request received: {"token":"eyJ0eXAiOiJKV1QiLCJhbGciOiJIUzI1NiJ9.eyJ1c2VyX2lkIjoxLCJ1c2VybmFtZSI6ImFsZXhtaWhhaSIsImV4cCI6MTc0NjUyNzIzOH0.Eq2EpKu9sU5PXHCUyAT0BAzthEFi5n2W-EOyJl6WE6Y"}
Request received: {"token":"eyJ0eXAiOiJKV1QiLCJhbGciOiJIUzI1NiJ9.eyJ1c2VyX2lkIjoyLCJ1c2VybmFtZSI6ImlvbmlvbmVzY3UiLCJleHAiOjE3NDY1Mjc5Nzh9.esXZhx_grKcy_nJnh2HC6Bt6q_SBK6AocQNZxyfzjEM"}
Request received: {"token":"eyJ0eXAiOiJKV1QiLCJhbGciOiJIUzI1NiJ9.eyJ1c2VyX2lkIjoyLCJ1c2VybmFtZSI6ImlvbmlvbmVzY3UiLCJleHAiOjE3NDY1Mjc5Nzh9.esXZhx_grKcy_nJnh2HC6Bt6q_SBK6AocQNZxyfzjEM"}
Request received: {"token":"eyJ0eXAiOiJKV1QiLCJhbGciOiJIUzI1NiJ9.eyJ1c2VyX2lkIjoyLCJ1c2VybmFtZSI6ImlvbmlvbmVzY3UiLCJleHAiOjE3NDY1Mjc5Nzh9.esXZhx_grKcy_nJnh2HC6Bt6q_SBK6AocQNZxyfzjEM"}
Request received: {"token":"eyJ0eXAiOiJKV1QiLCJhbGciOiJIUzI1NiJ9.eyJ1c2VyX2lkIjoxLCJ1c2VybmFtZSI6ImFsZXhtaWhhaSIsImV4cCI6MTc0NjUyNzIzOH0.Eq2EpKu9sU5PXHCUyAT0BAzthEFi5n2W-EOyJl6WE6Y"}
Request received: {"token":"eyJ0eXAiOiJKV1QiLCJhbGciOiJIUzI1NiJ9.eyJ1c2VyX2lkIjoyLCJ1c2VybmFtZSI6ImlvbmlvbmVzY3UiLCJleHAiOjE3NDY1Mjc5Nzh9.esXZhx_grKcy_nJnh2HC6Bt6q_SBK6AocQNZxyfzjEM"}
Request received: {"token":"eyJ0eXAiOiJKV1QiLCJhbGciOiJIUzI1NiJ9.eyJ1c2VyX2lkIjoyLCJ1c2VybmFtZSI6ImlvbmlvbmVzY3UiLCJleHAiOjE3NDY1Mjc5Nzh9.esXZhx_grKcy_nJnh2HC6Bt6q_SBK6AocQNZxyfzjEM"}
Request received: {"token":"eyJ0eXAiOiJKV1QiLCJhbGciOiJIUzI1NiJ9.eyJ1c2VyX2lkIjoyLCJ1c2VybmFtZSI6ImlvbmlvbmVzY3UiLCJleHAiOjE3NDY1Mjc5Nzh9.esXZhx_grKcy_nJnh2HC6Bt6q_SBK6AocQNZxyfzjEM"}
Request received: {"token":"eyJ0eXAiOiJKV1QiLCJhbGciOiJIUzI1NiJ9.eyJ1c2VyX2lkIjoxLCJ1c2VybmFtZSI6ImFsZXhtaWhhaSIsImV4cCI6MTc0NjUyNzIzOH0.Eq2EpKu9sU5PXHCUyAT0BAzthEFi5n2W-EOyJl6WE6Y"}
Request received: {"token":"eyJ0eXAiOiJKV1QiLCJhbGciOiJIUzI1NiJ9.eyJ1c2VyX2lkIjoyLCJ1c2VybmFtZSI6ImlvbmlvbmVzY3UiLCJleHAiOjE3NDY1Mjc5Nzh9.esXZhx_grKcy_nJnh2HC6Bt6q_SBK6AocQNZxyfzjEM"}
Request received: {"token":"eyJ0eXAiOiJKV1QiLCJhbGciOiJIUzI1NiJ9.eyJ1c2VyX2lkIjoiMyIsInVzZXJuYW1lIjoiZ2lnZWxnaWdlbCIsImV4cCI6MTc0NjUzMDcwMn0.yZjusd_tBQB6JUmMrrzz0lh0mR2qAZhGoVG5nYdtUK8"}
Request received: {"token":"eyJ0eXAiOiJKV1QiLCJhbGciOiJIUzI1NiJ9.eyJ1c2VyX2lkIjoiMyIsInVzZXJuYW1lIjoiZ2lnZWxnaWdlbCIsImV4cCI6MTc0NjUzMDcwMn0.yZjusd_tBQB6JUmMrrzz0lh0mR2qAZhGoVG5nYdtUK8"}
Request received: {"token":"eyJ0eXAiOiJKV1QiLCJhbGciOiJIUzI1NiJ9.eyJ1c2VyX2lkIjoiMyIsInVzZXJuYW1lIjoiZ2lnZWxnaWdlbCIsImV4cCI6MTc0NjUzMDcwMn0.yZjusd_tBQB6JUmMrrzz0lh0mR2qAZhGoVG5nYdtUK8"}
Request received: {"token":"eyJ0eXAiOiJKV1QiLCJhbGciOiJIUzI1NiJ9.eyJ1c2VyX2lkIjoiMyIsInVzZXJuYW1lIjoiZ2lnZWxnaWdlbCIsImV4cCI6MTc0NjUzMDcwMn0.yZjusd_tBQB6JUmMrrzz0lh0mR2qAZhGoVG5nYdtUK8"}
Request received: {"token":"eyJ0eXAiOiJKV1QiLCJhbGciOiJIUzI1NiJ9.eyJ1c2VyX2lkIjoxLCJ1c2VybmFtZSI6ImFsZXhtaWhhaSIsImV4cCI6MTc0NjUzMTAyMH0.8eowdWdv2Bt8IYFcSR1oOnOK6J0ywrp0s3g1Sqp_YAA"}
Request received: {"token":"eyJ0eXAiOiJKV1QiLCJhbGciOiJIUzI1NiJ9.eyJ1c2VyX2lkIjoyLCJ1c2VybmFtZSI6ImlvbmlvbmVzY3UiLCJleHAiOjE3NDY1MzE2Njd9.7msY__MpUF4BzMgAOnDdXqDHbHIb_QVjGymAH53c4Z4"}
Request received: {"token":"eyJ0eXAiOiJKV1QiLCJhbGciOiJIUzI1NiJ9.eyJ1c2VyX2lkIjoiMyIsInVzZXJuYW1lIjoiZ2lnZWxnaWdlbCIsImV4cCI6MTc0NjUzMDcwMn0.yZjusd_tBQB6JUmMrrzz0lh0mR2qAZhGoVG5nYdtUK8"}
Request received: {"token":"eyJ0eXAiOiJKV1QiLCJhbGciOiJIUzI1NiJ9.eyJ1c2VyX2lkIjoxLCJ1c2VybmFtZSI6ImFsZXhtaWhhaSIsImV4cCI6MTc0NjUzMTAyMH0.8eowdWdv2Bt8IYFcSR1oOnOK6J0ywrp0s3g1Sqp_YAA"}
Request received: {"token":"eyJ0eXAiOiJKV1QiLCJhbGciOiJIUzI1NiJ9.eyJ1c2VyX2lkIjoyLCJ1c2VybmFtZSI6ImlvbmlvbmVzY3UiLCJleHAiOjE3NDY1MzE2Njd9.7msY__MpUF4BzMgAOnDdXqDHbHIb_QVjGymAH53c4Z4"}
Request received: {"token":"eyJ0eXAiOiJKV1QiLCJhbGciOiJIUzI1NiJ9.eyJ1c2VyX2lkIjoiMyIsInVzZXJuYW1lIjoiZ2lnZWxnaWdlbCIsImV4cCI6MTc0NjUzMDcwMn0.yZjusd_tBQB6JUmMrrzz0lh0mR2qAZhGoVG5nYdtUK8"}
Request received: {"token":"eyJ0eXAiOiJKV1QiLCJhbGciOiJIUzI1NiJ9.eyJ1c2VyX2lkIjoiMyIsInVzZXJuYW1lIjoiZ2lnZWxnaWdlbCIsImV4cCI6MTc0NjUzMDcwMn0.yZjusd_tBQB6JUmMrrzz0lh0mR2qAZhGoVG5nYdtUK8"}
Request received: {"token":"eyJ0eXAiOiJKV1QiLCJhbGciOiJIUzI1NiJ9.eyJ1c2VyX2lkIjoyLCJ1c2VybmFtZSI6ImlvbmlvbmVzY3UiLCJleHAiOjE3NDY1MzE2Njd9.7msY__MpUF4BzMgAOnDdXqDHbHIb_QVjGymAH53c4Z4"}
Request received: {"token":"eyJ0eXAiOiJKV1QiLCJhbGciOiJIUzI1NiJ9.eyJ1c2VyX2lkIjoxLCJ1c2VybmFtZSI6ImFsZXhtaWhhaSIsImV4cCI6MTc0NjUzMTAyMH0.8eowdWdv2Bt8IYFcSR1oOnOK6J0ywrp0s3g1Sqp_YAA"}
Request received: {"token":"eyJ0eXAiOiJKV1QiLCJhbGciOiJIUzI1NiJ9.eyJ1c2VyX2lkIjoiMyIsInVzZXJuYW1lIjoiZ2lnZWxnaWdlbCIsImV4cCI6MTc0NjUzMDcwMn0.yZjusd_tBQB6JUmMrrzz0lh0mR2qAZhGoVG5nYdtUK8"}
Request received: {"token":"eyJ0eXAiOiJKV1QiLCJhbGciOiJIUzI1NiJ9.eyJ1c2VyX2lkIjoyLCJ1c2VybmFtZSI6ImlvbmlvbmVzY3UiLCJleHAiOjE3NDY1MzE2Njd9.7msY__MpUF4BzMgAOnDdXqDHbHIb_QVjGymAH53c4Z4"}
Request received: {"token":"eyJ0eXAiOiJKV1QiLCJhbGciOiJIUzI1NiJ9.eyJ1c2VyX2lkIjoxLCJ1c2VybmFtZSI6ImFsZXhtaWhhaSIsImV4cCI6MTc0NjUzMTAyMH0.8eowdWdv2Bt8IYFcSR1oOnOK6J0ywrp0s3g1Sqp_YAA"}
Request received: {"token":"eyJ0eXAiOiJKV1QiLCJhbGciOiJIUzI1NiJ9.eyJ1c2VyX2lkIjoiMyIsInVzZXJuYW1lIjoiZ2lnZWxnaWdlbCIsImV4cCI6MTc0NjUzMDcwMn0.yZjusd_tBQB6JUmMrrzz0lh0mR2qAZhGoVG5nYdtUK8"}
Request received: {"token":"eyJ0eXAiOiJKV1QiLCJhbGciOiJIUzI1NiJ9.eyJ1c2VyX2lkIjoyLCJ1c2VybmFtZSI6ImlvbmlvbmVzY3UiLCJleHAiOjE3NDY1MzE2Njd9.7msY__MpUF4BzMgAOnDdXqDHbHIb_QVjGymAH53c4Z4"}
Request received: {"token":"eyJ0eXAiOiJKV1QiLCJhbGciOiJIUzI1NiJ9.eyJ1c2VyX2lkIjoxLCJ1c2VybmFtZSI6ImFsZXhtaWhhaSIsImV4cCI6MTc0NjUzMTAyMH0.8eowdWdv2Bt8IYFcSR1oOnOK6J0ywrp0s3g1Sqp_YAA"}
Request received: {"token":"eyJ0eXAiOiJKV1QiLCJhbGciOiJIUzI1NiJ9.eyJ1c2VyX2lkIjoiMyIsInVzZXJuYW1lIjoiZ2lnZWxnaWdlbCIsImV4cCI6MTc0NjUzMDcwMn0.yZjusd_tBQB6JUmMrrzz0lh0mR2qAZhGoVG5nYdtUK8"}
Request received: {"token":"eyJ0eXAiOiJKV1QiLCJhbGciOiJIUzI1NiJ9.eyJ1c2VyX2lkIjoxLCJ1c2VybmFtZSI6ImFsZXhtaWhhaSIsImV4cCI6MTc0NjUzMTAyMH0.8eowdWdv2Bt8IYFcSR1oOnOK6J0ywrp0s3g1Sqp_YAA"}
Request received: {"token":"eyJ0eXAiOiJKV1QiLCJhbGciOiJIUzI1NiJ9.eyJ1c2VyX2lkIjoyLCJ1c2VybmFtZSI6ImlvbmlvbmVzY3UiLCJleHAiOjE3NDY1MzE2Njd9.7msY__MpUF4BzMgAOnDdXqDHbHIb_QVjGymAH53c4Z4"}
Request received: {"token":"eyJ0eXAiOiJKV1QiLCJhbGciOiJIUzI1NiJ9.eyJ1c2VyX2lkIjoiMyIsInVzZXJuYW1lIjoiZ2lnZWxnaWdlbCIsImV4cCI6MTc0NjUzMDcwMn0.yZjusd_tBQB6JUmMrrzz0lh0mR2qAZhGoVG5nYdtUK8"}
Request received: {"token":"eyJ0eXAiOiJKV1QiLCJhbGciOiJIUzI1NiJ9.eyJ1c2VyX2lkIjoxLCJ1c2VybmFtZSI6ImFsZXhtaWhhaSIsImV4cCI6MTc0NjUzMTAyMH0.8eowdWdv2Bt8IYFcSR1oOnOK6J0ywrp0s3g1Sqp_YAA"}
Request received: {"token":"eyJ0eXAiOiJKV1QiLCJhbGciOiJIUzI1NiJ9.eyJ1c2VyX2lkIjoiMyIsInVzZXJuYW1lIjoiZ2lnZWxnaWdlbCIsImV4cCI6MTc0NjUzMDcwMn0.yZjusd_tBQB6JUmMrrzz0lh0mR2qAZhGoVG5nYdtUK8"}
Request received: {"token":"eyJ0eXAiOiJKV1QiLCJhbGciOiJIUzI1NiJ9.eyJ1c2VyX2lkIjoyLCJ1c2VybmFtZSI6ImlvbmlvbmVzY3UiLCJleHAiOjE3NDY1MzE2Njd9.7msY__MpUF4BzMgAOnDdXqDHbHIb_QVjGymAH53c4Z4"}
Request received: {"token":"eyJ0eXAiOiJKV1QiLCJhbGciOiJIUzI1NiJ9.eyJ1c2VyX2lkIjoxLCJ1c2VybmFtZSI6ImFsZXhtaWhhaSIsImV4cCI6MTc0NjUzMTAyMH0.8eowdWdv2Bt8IYFcSR1oOnOK6J0ywrp0s3g1Sqp_YAA"}
Request received: {"token":"eyJ0eXAiOiJKV1QiLCJhbGciOiJIUzI1NiJ9.eyJ1c2VyX2lkIjoyLCJ1c2VybmFtZSI6ImlvbmlvbmVzY3UiLCJleHAiOjE3NDY1MzE2Njd9.7msY__MpUF4BzMgAOnDdXqDHbHIb_QVjGymAH53c4Z4"}
Request received: {"token":"eyJ0eXAiOiJKV1QiLCJhbGciOiJIUzI1NiJ9.eyJ1c2VyX2lkIjoiMyIsInVzZXJuYW1lIjoiZ2lnZWxnaWdlbCIsImV4cCI6MTc0NjUzMDcwMn0.yZjusd_tBQB6JUmMrrzz0lh0mR2qAZhGoVG5nYdtUK8"}
Request received: {"token":"eyJ0eXAiOiJKV1QiLCJhbGciOiJIUzI1NiJ9.eyJ1c2VyX2lkIjoiMyIsInVzZXJuYW1lIjoiZ2lnZWxnaWdlbCIsImV4cCI6MTc0NjUzMDcwMn0.yZjusd_tBQB6JUmMrrzz0lh0mR2qAZhGoVG5nYdtUK8"}
Request received: {"token":"eyJ0eXAiOiJKV1QiLCJhbGciOiJIUzI1NiJ9.eyJ1c2VyX2lkIjoxLCJ1c2VybmFtZSI6ImFsZXhtaWhhaSIsImV4cCI6MTc0NjUzMTAyMH0.8eowdWdv2Bt8IYFcSR1oOnOK6J0ywrp0s3g1Sqp_YAA"}
Request received: {"token":"eyJ0eXAiOiJKV1QiLCJhbGciOiJIUzI1NiJ9.eyJ1c2VyX2lkIjoyLCJ1c2VybmFtZSI6ImlvbmlvbmVzY3UiLCJleHAiOjE3NDY1MzE2Njd9.7msY__MpUF4BzMgAOnDdXqDHbHIb_QVjGymAH53c4Z4"}
Request received: {"token":"eyJ0eXAiOiJKV1QiLCJhbGciOiJIUzI1NiJ9.eyJ1c2VyX2lkIjoxLCJ1c2VybmFtZSI6ImFsZXhtaWhhaSIsImV4cCI6MTc0NjUzMTAyMH0.8eowdWdv2Bt8IYFcSR1oOnOK6J0ywrp0s3g1Sqp_YAA"}
Request received: {"token":"eyJ0eXAiOiJKV1QiLCJhbGciOiJIUzI1NiJ9.eyJ1c2VyX2lkIjoyLCJ1c2VybmFtZSI6ImlvbmlvbmVzY3UiLCJleHAiOjE3NDY1MzE2Njd9.7msY__MpUF4BzMgAOnDdXqDHbHIb_QVjGymAH53c4Z4"}
Request received: {"token":"eyJ0eXAiOiJKV1QiLCJhbGciOiJIUzI1NiJ9.eyJ1c2VyX2lkIjoiMyIsInVzZXJuYW1lIjoiZ2lnZWxnaWdlbCIsImV4cCI6MTc0NjUzMDcwMn0.yZjusd_tBQB6JUmMrrzz0lh0mR2qAZhGoVG5nYdtUK8"}
Request received: {"token":"eyJ0eXAiOiJKV1QiLCJhbGciOiJIUzI1NiJ9.eyJ1c2VyX2lkIjoiMyIsInVzZXJuYW1lIjoiZ2lnZWxnaWdlbCIsImV4cCI6MTc0NjUzMDcwMn0.yZjusd_tBQB6JUmMrrzz0lh0mR2qAZhGoVG5nYdtUK8"}
Request received: {"token":"eyJ0eXAiOiJKV1QiLCJhbGciOiJIUzI1NiJ9.eyJ1c2VyX2lkIjoxLCJ1c2VybmFtZSI6ImFsZXhtaWhhaSIsImV4cCI6MTc0NjUzMTAyMH0.8eowdWdv2Bt8IYFcSR1oOnOK6J0ywrp0s3g1Sqp_YAA"}
Request received: {"token":"eyJ0eXAiOiJKV1QiLCJhbGciOiJIUzI1NiJ9.eyJ1c2VyX2lkIjoyLCJ1c2VybmFtZSI6ImlvbmlvbmVzY3UiLCJleHAiOjE3NDY1MzE2Njd9.7msY__MpUF4BzMgAOnDdXqDHbHIb_QVjGymAH53c4Z4"}
Request received: {"token":"eyJ0eXAiOiJKV1QiLCJhbGciOiJIUzI1NiJ9.eyJ1c2VyX2lkIjoxLCJ1c2VybmFtZSI6ImFsZXhtaWhhaSIsImV4cCI6MTc0NjUzMTAyMH0.8eowdWdv2Bt8IYFcSR1oOnOK6J0ywrp0s3g1Sqp_YAA"}
Request received: {"token":"eyJ0eXAiOiJKV1QiLCJhbGciOiJIUzI1NiJ9.eyJ1c2VyX2lkIjoyLCJ1c2VybmFtZSI6ImlvbmlvbmVzY3UiLCJleHAiOjE3NDY1MzE2Njd9.7msY__MpUF4BzMgAOnDdXqDHbHIb_QVjGymAH53c4Z4"}
Request received: {"token":"eyJ0eXAiOiJKV1QiLCJhbGciOiJIUzI1NiJ9.eyJ1c2VyX2lkIjoiMyIsInVzZXJuYW1lIjoiZ2lnZWxnaWdlbCIsImV4cCI6MTc0NjUzMDcwMn0.yZjusd_tBQB6JUmMrrzz0lh0mR2qAZhGoVG5nYdtUK8"}
Request received: {"token":"eyJ0eXAiOiJKV1QiLCJhbGciOiJIUzI1NiJ9.eyJ1c2VyX2lkIjoiMyIsInVzZXJuYW1lIjoiZ2lnZWxnaWdlbCIsImV4cCI6MTc0NjUzMDcwMn0.yZjusd_tBQB6JUmMrrzz0lh0mR2qAZhGoVG5nYdtUK8"}
Request received: {"token":"eyJ0eXAiOiJKV1QiLCJhbGciOiJIUzI1NiJ9.eyJ1c2VyX2lkIjoxLCJ1c2VybmFtZSI6ImFsZXhtaWhhaSIsImV4cCI6MTc0NjUzMTAyMH0.8eowdWdv2Bt8IYFcSR1oOnOK6J0ywrp0s3g1Sqp_YAA"}
Request received: {"token":"eyJ0eXAiOiJKV1QiLCJhbGciOiJIUzI1NiJ9.eyJ1c2VyX2lkIjoyLCJ1c2VybmFtZSI6ImlvbmlvbmVzY3UiLCJleHAiOjE3NDY1MzE2Njd9.7msY__MpUF4BzMgAOnDdXqDHbHIb_QVjGymAH53c4Z4"}
Request received: {"token":"eyJ0eXAiOiJKV1QiLCJhbGciOiJIUzI1NiJ9.eyJ1c2VyX2lkIjoxLCJ1c2VybmFtZSI6ImFsZXhtaWhhaSIsImV4cCI6MTc0NjUzMTAyMH0.8eowdWdv2Bt8IYFcSR1oOnOK6J0ywrp0s3g1Sqp_YAA"}
Request received: {"token":"eyJ0eXAiOiJKV1QiLCJhbGciOiJIUzI1NiJ9.eyJ1c2VyX2lkIjoyLCJ1c2VybmFtZSI6ImlvbmlvbmVzY3UiLCJleHAiOjE3NDY1MzE2Njd9.7msY__MpUF4BzMgAOnDdXqDHbHIb_QVjGymAH53c4Z4"}
Request received: {"token":"eyJ0eXAiOiJKV1QiLCJhbGciOiJIUzI1NiJ9.eyJ1c2VyX2lkIjoiMyIsInVzZXJuYW1lIjoiZ2lnZWxnaWdlbCIsImV4cCI6MTc0NjUzMDcwMn0.yZjusd_tBQB6JUmMrrzz0lh0mR2qAZhGoVG5nYdtUK8"}
Request received: {"token":"eyJ0eXAiOiJKV1QiLCJhbGciOiJIUzI1NiJ9.eyJ1c2VyX2lkIjoiMyIsInVzZXJuYW1lIjoiZ2lnZWxnaWdlbCIsImV4cCI6MTc0NjUzMDcwMn0.yZjusd_tBQB6JUmMrrzz0lh0mR2qAZhGoVG5nYdtUK8"}
Request received: {"token":"eyJ0eXAiOiJKV1QiLCJhbGciOiJIUzI1NiJ9.eyJ1c2VyX2lkIjoxLCJ1c2VybmFtZSI6ImFsZXhtaWhhaSIsImV4cCI6MTc0NjUzMTAyMH0.8eowdWdv2Bt8IYFcSR1oOnOK6J0ywrp0s3g1Sqp_YAA"}
Request received: {"token":"eyJ0eXAiOiJKV1QiLCJhbGciOiJIUzI1NiJ9.eyJ1c2VyX2lkIjoyLCJ1c2VybmFtZSI6ImlvbmlvbmVzY3UiLCJleHAiOjE3NDY1MzE2Njd9.7msY__MpUF4BzMgAOnDdXqDHbHIb_QVjGymAH53c4Z4"}
Request received: {"token":"eyJ0eXAiOiJKV1QiLCJhbGciOiJIUzI1NiJ9.eyJ1c2VyX2lkIjoxLCJ1c2VybmFtZSI6ImFsZXhtaWhhaSIsImV4cCI6MTc0NjUzMTAyMH0.8eowdWdv2Bt8IYFcSR1oOnOK6J0ywrp0s3g1Sqp_YAA"}
Request received: {"token":"eyJ0eXAiOiJKV1QiLCJhbGciOiJIUzI1NiJ9.eyJ1c2VyX2lkIjoyLCJ1c2VybmFtZSI6ImlvbmlvbmVzY3UiLCJleHAiOjE3NDY1MzE2Njd9.7msY__MpUF4BzMgAOnDdXqDHbHIb_QVjGymAH53c4Z4"}
Request received: {"token":"eyJ0eXAiOiJKV1QiLCJhbGciOiJIUzI1NiJ9.eyJ1c2VyX2lkIjoiMyIsInVzZXJuYW1lIjoiZ2lnZWxnaWdlbCIsImV4cCI6MTc0NjUzMDcwMn0.yZjusd_tBQB6JUmMrrzz0lh0mR2qAZhGoVG5nYdtUK8"}
Request received: {"token":"eyJ0eXAiOiJKV1QiLCJhbGciOiJIUzI1NiJ9.eyJ1c2VyX2lkIjoiMyIsInVzZXJuYW1lIjoiZ2lnZWxnaWdlbCIsImV4cCI6MTc0NjUzMDcwMn0.yZjusd_tBQB6JUmMrrzz0lh0mR2qAZhGoVG5nYdtUK8"}
Request received: {"token":"eyJ0eXAiOiJKV1QiLCJhbGciOiJIUzI1NiJ9.eyJ1c2VyX2lkIjoxLCJ1c2VybmFtZSI6ImFsZXhtaWhhaSIsImV4cCI6MTc0NjUzMTAyMH0.8eowdWdv2Bt8IYFcSR1oOnOK6J0ywrp0s3g1Sqp_YAA"}
Request received: {"token":"eyJ0eXAiOiJKV1QiLCJhbGciOiJIUzI1NiJ9.eyJ1c2VyX2lkIjoyLCJ1c2VybmFtZSI6ImlvbmlvbmVzY3UiLCJleHAiOjE3NDY1MzE2Njd9.7msY__MpUF4BzMgAOnDdXqDHbHIb_QVjGymAH53c4Z4"}
Request received: {"token":"eyJ0eXAiOiJKV1QiLCJhbGciOiJIUzI1NiJ9.eyJ1c2VyX2lkIjoxLCJ1c2VybmFtZSI6ImFsZXhtaWhhaSIsImV4cCI6MTc0NjUzMTAyMH0.8eowdWdv2Bt8IYFcSR1oOnOK6J0ywrp0s3g1Sqp_YAA"}
Request received: {"token":"eyJ0eXAiOiJKV1QiLCJhbGciOiJIUzI1NiJ9.eyJ1c2VyX2lkIjoyLCJ1c2VybmFtZSI6ImlvbmlvbmVzY3UiLCJleHAiOjE3NDY1MzE2Njd9.7msY__MpUF4BzMgAOnDdXqDHbHIb_QVjGymAH53c4Z4"}
Request received: {"token":"eyJ0eXAiOiJKV1QiLCJhbGciOiJIUzI1NiJ9.eyJ1c2VyX2lkIjoiMyIsInVzZXJuYW1lIjoiZ2lnZWxnaWdlbCIsImV4cCI6MTc0NjUzMDcwMn0.yZjusd_tBQB6JUmMrrzz0lh0mR2qAZhGoVG5nYdtUK8"}
Request received: {"token":"eyJ0eXAiOiJKV1QiLCJhbGciOiJIUzI1NiJ9.eyJ1c2VyX2lkIjoiMyIsInVzZXJuYW1lIjoiZ2lnZWxnaWdlbCIsImV4cCI6MTc0NjUzMDcwMn0.yZjusd_tBQB6JUmMrrzz0lh0mR2qAZhGoVG5nYdtUK8"}
Request received: {"token":"eyJ0eXAiOiJKV1QiLCJhbGciOiJIUzI1NiJ9.eyJ1c2VyX2lkIjoxLCJ1c2VybmFtZSI6ImFsZXhtaWhhaSIsImV4cCI6MTc0NjUzMTAyMH0.8eowdWdv2Bt8IYFcSR1oOnOK6J0ywrp0s3g1Sqp_YAA"}
Request received: {"token":"eyJ0eXAiOiJKV1QiLCJhbGciOiJIUzI1NiJ9.eyJ1c2VyX2lkIjoyLCJ1c2VybmFtZSI6ImlvbmlvbmVzY3UiLCJleHAiOjE3NDY1MzE2Njd9.7msY__MpUF4BzMgAOnDdXqDHbHIb_QVjGymAH53c4Z4"}
Request received: {"token":"eyJ0eXAiOiJKV1QiLCJhbGciOiJIUzI1NiJ9.eyJ1c2VyX2lkIjoxLCJ1c2VybmFtZSI6ImFsZXhtaWhhaSIsImV4cCI6MTc0NjUzMTAyMH0.8eowdWdv2Bt8IYFcSR1oOnOK6J0ywrp0s3g1Sqp_YAA"}
Request received: {"token":"eyJ0eXAiOiJKV1QiLCJhbGciOiJIUzI1NiJ9.eyJ1c2VyX2lkIjoyLCJ1c2VybmFtZSI6ImlvbmlvbmVzY3UiLCJleHAiOjE3NDY1MzE2Njd9.7msY__MpUF4BzMgAOnDdXqDHbHIb_QVjGymAH53c4Z4"}
Request received: {"token":"eyJ0eXAiOiJKV1QiLCJhbGciOiJIUzI1NiJ9.eyJ1c2VyX2lkIjoiMyIsInVzZXJuYW1lIjoiZ2lnZWxnaWdlbCIsImV4cCI6MTc0NjUzMDcwMn0.yZjusd_tBQB6JUmMrrzz0lh0mR2qAZhGoVG5nYdtUK8"}
Request received: {"token":"eyJ0eXAiOiJKV1QiLCJhbGciOiJIUzI1NiJ9.eyJ1c2VyX2lkIjoiMyIsInVzZXJuYW1lIjoiZ2lnZWxnaWdlbCIsImV4cCI6MTc0NjUzMDcwMn0.yZjusd_tBQB6JUmMrrzz0lh0mR2qAZhGoVG5nYdtUK8"}
Request received: {"token":"eyJ0eXAiOiJKV1QiLCJhbGciOiJIUzI1NiJ9.eyJ1c2VyX2lkIjoxLCJ1c2VybmFtZSI6ImFsZXhtaWhhaSIsImV4cCI6MTc0NjUzMTAyMH0.8eowdWdv2Bt8IYFcSR1oOnOK6J0ywrp0s3g1Sqp_YAA"}
Request received: {"token":"eyJ0eXAiOiJKV1QiLCJhbGciOiJIUzI1NiJ9.eyJ1c2VyX2lkIjoyLCJ1c2VybmFtZSI6ImlvbmlvbmVzY3UiLCJleHAiOjE3NDY1MzE2Njd9.7msY__MpUF4BzMgAOnDdXqDHbHIb_QVjGymAH53c4Z4"}
Request received: {"token":"eyJ0eXAiOiJKV1QiLCJhbGciOiJIUzI1NiJ9.eyJ1c2VyX2lkIjoxLCJ1c2VybmFtZSI6ImFsZXhtaWhhaSIsImV4cCI6MTc0NjUzMTAyMH0.8eowdWdv2Bt8IYFcSR1oOnOK6J0ywrp0s3g1Sqp_YAA"}
Request received: {"token":"eyJ0eXAiOiJKV1QiLCJhbGciOiJIUzI1NiJ9.eyJ1c2VyX2lkIjoyLCJ1c2VybmFtZSI6ImlvbmlvbmVzY3UiLCJleHAiOjE3NDY1MzE2Njd9.7msY__MpUF4BzMgAOnDdXqDHbHIb_QVjGymAH53c4Z4"}
Request received: {"token":"eyJ0eXAiOiJKV1QiLCJhbGciOiJIUzI1NiJ9.eyJ1c2VyX2lkIjoiMyIsInVzZXJuYW1lIjoiZ2lnZWxnaWdlbCIsImV4cCI6MTc0NjUzMDcwMn0.yZjusd_tBQB6JUmMrrzz0lh0mR2qAZhGoVG5nYdtUK8"}
Request received: {"token":"eyJ0eXAiOiJKV1QiLCJhbGciOiJIUzI1NiJ9.eyJ1c2VyX2lkIjoiMyIsInVzZXJuYW1lIjoiZ2lnZWxnaWdlbCIsImV4cCI6MTc0NjUzMDcwMn0.yZjusd_tBQB6JUmMrrzz0lh0mR2qAZhGoVG5nYdtUK8"}
Request received: {"token":"eyJ0eXAiOiJKV1QiLCJhbGciOiJIUzI1NiJ9.eyJ1c2VyX2lkIjoxLCJ1c2VybmFtZSI6ImFsZXhtaWhhaSIsImV4cCI6MTc0NjUzMTAyMH0.8eowdWdv2Bt8IYFcSR1oOnOK6J0ywrp0s3g1Sqp_YAA"}
Request received: {"token":"eyJ0eXAiOiJKV1QiLCJhbGciOiJIUzI1NiJ9.eyJ1c2VyX2lkIjoyLCJ1c2VybmFtZSI6ImlvbmlvbmVzY3UiLCJleHAiOjE3NDY1MzE2Njd9.7msY__MpUF4BzMgAOnDdXqDHbHIb_QVjGymAH53c4Z4"}
Request received: {"token":"eyJ0eXAiOiJKV1QiLCJhbGciOiJIUzI1NiJ9.eyJ1c2VyX2lkIjoxLCJ1c2VybmFtZSI6ImFsZXhtaWhhaSIsImV4cCI6MTc0NjUzMTAyMH0.8eowdWdv2Bt8IYFcSR1oOnOK6J0ywrp0s3g1Sqp_YAA"}
Request received: {"token":"eyJ0eXAiOiJKV1QiLCJhbGciOiJIUzI1NiJ9.eyJ1c2VyX2lkIjoyLCJ1c2VybmFtZSI6ImlvbmlvbmVzY3UiLCJleHAiOjE3NDY1MzE2Njd9.7msY__MpUF4BzMgAOnDdXqDHbHIb_QVjGymAH53c4Z4"}
Request received: {"token":"eyJ0eXAiOiJKV1QiLCJhbGciOiJIUzI1NiJ9.eyJ1c2VyX2lkIjoiMyIsInVzZXJuYW1lIjoiZ2lnZWxnaWdlbCIsImV4cCI6MTc0NjUzMDcwMn0.yZjusd_tBQB6JUmMrrzz0lh0mR2qAZhGoVG5nYdtUK8"}
Request received: {"token":"eyJ0eXAiOiJKV1QiLCJhbGciOiJIUzI1NiJ9.eyJ1c2VyX2lkIjoiMyIsInVzZXJuYW1lIjoiZ2lnZWxnaWdlbCIsImV4cCI6MTc0NjUzMDcwMn0.yZjusd_tBQB6JUmMrrzz0lh0mR2qAZhGoVG5nYdtUK8"}
Request received: {"token":"eyJ0eXAiOiJKV1QiLCJhbGciOiJIUzI1NiJ9.eyJ1c2VyX2lkIjoxLCJ1c2VybmFtZSI6ImFsZXhtaWhhaSIsImV4cCI6MTc0NjUzMTAyMH0.8eowdWdv2Bt8IYFcSR1oOnOK6J0ywrp0s3g1Sqp_YAA"}
Request received: {"token":"eyJ0eXAiOiJKV1QiLCJhbGciOiJIUzI1NiJ9.eyJ1c2VyX2lkIjoyLCJ1c2VybmFtZSI6ImlvbmlvbmVzY3UiLCJleHAiOjE3NDY1MzE2Njd9.7msY__MpUF4BzMgAOnDdXqDHbHIb_QVjGymAH53c4Z4"}
Request received: {"token":"eyJ0eXAiOiJKV1QiLCJhbGciOiJIUzI1NiJ9.eyJ1c2VyX2lkIjoxLCJ1c2VybmFtZSI6ImFsZXhtaWhhaSIsImV4cCI6MTc0NjUzMTAyMH0.8eowdWdv2Bt8IYFcSR1oOnOK6J0ywrp0s3g1Sqp_YAA"}
Request received: {"token":"eyJ0eXAiOiJKV1QiLCJhbGciOiJIUzI1NiJ9.eyJ1c2VyX2lkIjoyLCJ1c2VybmFtZSI6ImlvbmlvbmVzY3UiLCJleHAiOjE3NDY1MzE2Njd9.7msY__MpUF4BzMgAOnDdXqDHbHIb_QVjGymAH53c4Z4"}
Request received: {"token":"eyJ0eXAiOiJKV1QiLCJhbGciOiJIUzI1NiJ9.eyJ1c2VyX2lkIjoiMyIsInVzZXJuYW1lIjoiZ2lnZWxnaWdlbCIsImV4cCI6MTc0NjUzMDcwMn0.yZjusd_tBQB6JUmMrrzz0lh0mR2qAZhGoVG5nYdtUK8"}
Request received: {"token":"eyJ0eXAiOiJKV1QiLCJhbGciOiJIUzI1NiJ9.eyJ1c2VyX2lkIjoiMyIsInVzZXJuYW1lIjoiZ2lnZWxnaWdlbCIsImV4cCI6MTc0NjUzMDcwMn0.yZjusd_tBQB6JUmMrrzz0lh0mR2qAZhGoVG5nYdtUK8"}
Request received: {"token":"eyJ0eXAiOiJKV1QiLCJhbGciOiJIUzI1NiJ9.eyJ1c2VyX2lkIjoxLCJ1c2VybmFtZSI6ImFsZXhtaWhhaSIsImV4cCI6MTc0NjUzMTAyMH0.8eowdWdv2Bt8IYFcSR1oOnOK6J0ywrp0s3g1Sqp_YAA"}
Request received: {"token":"eyJ0eXAiOiJKV1QiLCJhbGciOiJIUzI1NiJ9.eyJ1c2VyX2lkIjoyLCJ1c2VybmFtZSI6ImlvbmlvbmVzY3UiLCJleHAiOjE3NDY1MzE2Njd9.7msY__MpUF4BzMgAOnDdXqDHbHIb_QVjGymAH53c4Z4"}
Request received: {"token":"eyJ0eXAiOiJKV1QiLCJhbGciOiJIUzI1NiJ9.eyJ1c2VyX2lkIjoxLCJ1c2VybmFtZSI6ImFsZXhtaWhhaSIsImV4cCI6MTc0NjUzMTAyMH0.8eowdWdv2Bt8IYFcSR1oOnOK6J0ywrp0s3g1Sqp_YAA"}
Request received: {"token":"eyJ0eXAiOiJKV1QiLCJhbGciOiJIUzI1NiJ9.eyJ1c2VyX2lkIjoyLCJ1c2VybmFtZSI6ImlvbmlvbmVzY3UiLCJleHAiOjE3NDY1MzE2Njd9.7msY__MpUF4BzMgAOnDdXqDHbHIb_QVjGymAH53c4Z4"}
Request received: {"token":"eyJ0eXAiOiJKV1QiLCJhbGciOiJIUzI1NiJ9.eyJ1c2VyX2lkIjoiMyIsInVzZXJuYW1lIjoiZ2lnZWxnaWdlbCIsImV4cCI6MTc0NjUzMDcwMn0.yZjusd_tBQB6JUmMrrzz0lh0mR2qAZhGoVG5nYdtUK8"}
Invalid token: Expired token
Request received: {"token":"eyJ0eXAiOiJKV1QiLCJhbGciOiJIUzI1NiJ9.eyJ1c2VyX2lkIjoyLCJ1c2VybmFtZSI6ImlvbmlvbmVzY3UiLCJleHAiOjE3NDY1MzE2Njd9.7msY__MpUF4BzMgAOnDdXqDHbHIb_QVjGymAH53c4Z4"}
Request received: {"token":"eyJ0eXAiOiJKV1QiLCJhbGciOiJIUzI1NiJ9.eyJ1c2VyX2lkIjoxLCJ1c2VybmFtZSI6ImFsZXhtaWhhaSIsImV4cCI6MTc0NjUzMTAyMH0.8eowdWdv2Bt8IYFcSR1oOnOK6J0ywrp0s3g1Sqp_YAA"}
Request received: {"token":"eyJ0eXAiOiJKV1QiLCJhbGciOiJIUzI1NiJ9.eyJ1c2VyX2lkIjoyLCJ1c2VybmFtZSI6ImlvbmlvbmVzY3UiLCJleHAiOjE3NDY1MzE2Njd9.7msY__MpUF4BzMgAOnDdXqDHbHIb_QVjGymAH53c4Z4"}
Request received: {"token":"eyJ0eXAiOiJKV1QiLCJhbGciOiJIUzI1NiJ9.eyJ1c2VyX2lkIjoxLCJ1c2VybmFtZSI6ImFsZXhtaWhhaSIsImV4cCI6MTc0NjUzNDc1MX0.TopfoPTelX7wqCVjq8FPXgXhWf-WG6GpxBwqk9nFw3o"}
Request received: {"token":"eyJ0eXAiOiJKV1QiLCJhbGciOiJIUzI1NiJ9.eyJ1c2VyX2lkIjoyLCJ1c2VybmFtZSI6ImlvbmlvbmVzY3UiLCJleHAiOjE3NDY1MzE2Njd9.7msY__MpUF4BzMgAOnDdXqDHbHIb_QVjGymAH53c4Z4"}
Request received: {"token":"eyJ0eXAiOiJKV1QiLCJhbGciOiJIUzI1NiJ9.eyJ1c2VyX2lkIjoxLCJ1c2VybmFtZSI6ImFsZXhtaWhhaSIsImV4cCI6MTc0NjUzNDc1MX0.TopfoPTelX7wqCVjq8FPXgXhWf-WG6GpxBwqk9nFw3o"}
Request received: {"token":"eyJ0eXAiOiJKV1QiLCJhbGciOiJIUzI1NiJ9.eyJ1c2VyX2lkIjoyLCJ1c2VybmFtZSI6ImlvbmlvbmVzY3UiLCJleHAiOjE3NDY1MzE2Njd9.7msY__MpUF4BzMgAOnDdXqDHbHIb_QVjGymAH53c4Z4"}
Request received: {"token":"eyJ0eXAiOiJKV1QiLCJhbGciOiJIUzI1NiJ9.eyJ1c2VyX2lkIjoxLCJ1c2VybmFtZSI6ImFsZXhtaWhhaSIsImV4cCI6MTc0NjUzNDc1MX0.TopfoPTelX7wqCVjq8FPXgXhWf-WG6GpxBwqk9nFw3o"}
Request received: {"token":"eyJ0eXAiOiJKV1QiLCJhbGciOiJIUzI1NiJ9.eyJ1c2VyX2lkIjoyLCJ1c2VybmFtZSI6ImlvbmlvbmVzY3UiLCJleHAiOjE3NDY1MzE2Njd9.7msY__MpUF4BzMgAOnDdXqDHbHIb_QVjGymAH53c4Z4"}
Request received: {"token":"eyJ0eXAiOiJKV1QiLCJhbGciOiJIUzI1NiJ9.eyJ1c2VyX2lkIjoyLCJ1c2VybmFtZSI6ImlvbmlvbmVzY3UiLCJleHAiOjE3NDY1MzE2Njd9.7msY__MpUF4BzMgAOnDdXqDHbHIb_QVjGymAH53c4Z4"}
Invalid token: Expired token
Request received: {"token":"eyJ0eXAiOiJKV1QiLCJhbGciOiJIUzI1NiJ9.eyJ1c2VyX2lkIjoxLCJ1c2VybmFtZSI6ImFsZXhtaWhhaSIsImV4cCI6MTc0NjUzNDc1MX0.TopfoPTelX7wqCVjq8FPXgXhWf-WG6GpxBwqk9nFw3o"}
Request received: {"token":"eyJ0eXAiOiJKV1QiLCJhbGciOiJIUzI1NiJ9.eyJ1c2VyX2lkIjoxLCJ1c2VybmFtZSI6ImFsZXhtaWhhaSIsImV4cCI6MTc0NjUzNDc1MX0.TopfoPTelX7wqCVjq8FPXgXhWf-WG6GpxBwqk9nFw3o"}
Request received: {"token":"eyJ0eXAiOiJKV1QiLCJhbGciOiJIUzI1NiJ9.eyJ1c2VyX2lkIjoxLCJ1c2VybmFtZSI6ImFsZXhtaWhhaSIsImV4cCI6MTc0NjUzNDc1MX0.TopfoPTelX7wqCVjq8FPXgXhWf-WG6GpxBwqk9nFw3o"}
Request received: {"token":"eyJ0eXAiOiJKV1QiLCJhbGciOiJIUzI1NiJ9.eyJ1c2VyX2lkIjoxLCJ1c2VybmFtZSI6ImFsZXhtaWhhaSIsImV4cCI6MTc0NjUzNDc1MX0.TopfoPTelX7wqCVjq8FPXgXhWf-WG6GpxBwqk9nFw3o"}
Request received: {"token":"eyJ0eXAiOiJKV1QiLCJhbGciOiJIUzI1NiJ9.eyJ1c2VyX2lkIjoxLCJ1c2VybmFtZSI6ImFsZXhtaWhhaSIsImV4cCI6MTc0NjUzNDc1MX0.TopfoPTelX7wqCVjq8FPXgXhWf-WG6GpxBwqk9nFw3o"}
Request received: {"token":"eyJ0eXAiOiJKV1QiLCJhbGciOiJIUzI1NiJ9.eyJ1c2VyX2lkIjoxLCJ1c2VybmFtZSI6ImFsZXhtaWhhaSIsImV4cCI6MTc0NjUzNDc1MX0.TopfoPTelX7wqCVjq8FPXgXhWf-WG6GpxBwqk9nFw3o"}
Request received: {"token":"eyJ0eXAiOiJKV1QiLCJhbGciOiJIUzI1NiJ9.eyJ1c2VyX2lkIjoxLCJ1c2VybmFtZSI6ImFsZXhtaWhhaSIsImV4cCI6MTc0NjUzNDc1MX0.TopfoPTelX7wqCVjq8FPXgXhWf-WG6GpxBwqk9nFw3o"}
Request received: {"token":"eyJ0eXAiOiJKV1QiLCJhbGciOiJIUzI1NiJ9.eyJ1c2VyX2lkIjoxLCJ1c2VybmFtZSI6ImFsZXhtaWhhaSIsImV4cCI6MTc0NjUzNDc1MX0.TopfoPTelX7wqCVjq8FPXgXhWf-WG6GpxBwqk9nFw3o"}
Request received: {"token":"eyJ0eXAiOiJKV1QiLCJhbGciOiJIUzI1NiJ9.eyJ1c2VyX2lkIjoxLCJ1c2VybmFtZSI6ImFsZXhtaWhhaSIsImV4cCI6MTc0NjUzNDc1MX0.TopfoPTelX7wqCVjq8FPXgXhWf-WG6GpxBwqk9nFw3o"}
Request received: {"token":"eyJ0eXAiOiJKV1QiLCJhbGciOiJIUzI1NiJ9.eyJ1c2VyX2lkIjoxLCJ1c2VybmFtZSI6ImFsZXhtaWhhaSIsImV4cCI6MTc0NjUzNDc1MX0.TopfoPTelX7wqCVjq8FPXgXhWf-WG6GpxBwqk9nFw3o"}
Request received: {"token":"eyJ0eXAiOiJKV1QiLCJhbGciOiJIUzI1NiJ9.eyJ1c2VyX2lkIjoxLCJ1c2VybmFtZSI6ImFsZXhtaWhhaSIsImV4cCI6MTc0NjUzNDc1MX0.TopfoPTelX7wqCVjq8FPXgXhWf-WG6GpxBwqk9nFw3o"}
Request received: {"token":"eyJ0eXAiOiJKV1QiLCJhbGciOiJIUzI1NiJ9.eyJ1c2VyX2lkIjoxLCJ1c2VybmFtZSI6ImFsZXhtaWhhaSIsImV4cCI6MTc0NjUzNDc1MX0.TopfoPTelX7wqCVjq8FPXgXhWf-WG6GpxBwqk9nFw3o"}
Request received: {"token":"eyJ0eXAiOiJKV1QiLCJhbGciOiJIUzI1NiJ9.eyJ1c2VyX2lkIjoxLCJ1c2VybmFtZSI6ImFsZXhtaWhhaSIsImV4cCI6MTc0NjUzNDc1MX0.TopfoPTelX7wqCVjq8FPXgXhWf-WG6GpxBwqk9nFw3o"}
Request received: {"token":"eyJ0eXAiOiJKV1QiLCJhbGciOiJIUzI1NiJ9.eyJ1c2VyX2lkIjoxLCJ1c2VybmFtZSI6ImFsZXhtaWhhaSIsImV4cCI6MTc0NjUzNDc1MX0.TopfoPTelX7wqCVjq8FPXgXhWf-WG6GpxBwqk9nFw3o"}
Request received: {"token":"eyJ0eXAiOiJKV1QiLCJhbGciOiJIUzI1NiJ9.eyJ1c2VyX2lkIjoxLCJ1c2VybmFtZSI6ImFsZXhtaWhhaSIsImV4cCI6MTc0NjUzNDc1MX0.TopfoPTelX7wqCVjq8FPXgXhWf-WG6GpxBwqk9nFw3o"}
Request received: {"token":"eyJ0eXAiOiJKV1QiLCJhbGciOiJIUzI1NiJ9.eyJ1c2VyX2lkIjoxLCJ1c2VybmFtZSI6ImFsZXhtaWhhaSIsImV4cCI6MTc0NjUzNDc1MX0.TopfoPTelX7wqCVjq8FPXgXhWf-WG6GpxBwqk9nFw3o"}
Request received: {"token":"eyJ0eXAiOiJKV1QiLCJhbGciOiJIUzI1NiJ9.eyJ1c2VyX2lkIjoxLCJ1c2VybmFtZSI6ImFsZXhtaWhhaSIsImV4cCI6MTc0NjUzNDc1MX0.TopfoPTelX7wqCVjq8FPXgXhWf-WG6GpxBwqk9nFw3o"}
Request received: {"token":"eyJ0eXAiOiJKV1QiLCJhbGciOiJIUzI1NiJ9.eyJ1c2VyX2lkIjoxLCJ1c2VybmFtZSI6ImFsZXhtaWhhaSIsImV4cCI6MTc0NjUzNDc1MX0.TopfoPTelX7wqCVjq8FPXgXhWf-WG6GpxBwqk9nFw3o"}
Request received: {"token":"eyJ0eXAiOiJKV1QiLCJhbGciOiJIUzI1NiJ9.eyJ1c2VyX2lkIjoxLCJ1c2VybmFtZSI6ImFsZXhtaWhhaSIsImV4cCI6MTc0NjUzNDc1MX0.TopfoPTelX7wqCVjq8FPXgXhWf-WG6GpxBwqk9nFw3o"}
Request received: {"token":"eyJ0eXAiOiJKV1QiLCJhbGciOiJIUzI1NiJ9.eyJ1c2VyX2lkIjoxLCJ1c2VybmFtZSI6ImFsZXhtaWhhaSIsImV4cCI6MTc0NjUzNDc1MX0.TopfoPTelX7wqCVjq8FPXgXhWf-WG6GpxBwqk9nFw3o"}
Request received: {"token":"eyJ0eXAiOiJKV1QiLCJhbGciOiJIUzI1NiJ9.eyJ1c2VyX2lkIjoxLCJ1c2VybmFtZSI6ImFsZXhtaWhhaSIsImV4cCI6MTc0NjUzNDc1MX0.TopfoPTelX7wqCVjq8FPXgXhWf-WG6GpxBwqk9nFw3o"}
Request received: {"token":"eyJ0eXAiOiJKV1QiLCJhbGciOiJIUzI1NiJ9.eyJ1c2VyX2lkIjoxLCJ1c2VybmFtZSI6ImFsZXhtaWhhaSIsImV4cCI6MTc0NjUzNDc1MX0.TopfoPTelX7wqCVjq8FPXgXhWf-WG6GpxBwqk9nFw3o"}
Request received: {"token":"eyJ0eXAiOiJKV1QiLCJhbGciOiJIUzI1NiJ9.eyJ1c2VyX2lkIjoxLCJ1c2VybmFtZSI6ImFsZXhtaWhhaSIsImV4cCI6MTc0NjUzNDc1MX0.TopfoPTelX7wqCVjq8FPXgXhWf-WG6GpxBwqk9nFw3o"}
Request received: {"token":"eyJ0eXAiOiJKV1QiLCJhbGciOiJIUzI1NiJ9.eyJ1c2VyX2lkIjoxLCJ1c2VybmFtZSI6ImFsZXhtaWhhaSIsImV4cCI6MTc0NjUzNDc1MX0.TopfoPTelX7wqCVjq8FPXgXhWf-WG6GpxBwqk9nFw3o"}
Request received: {"token":"eyJ0eXAiOiJKV1QiLCJhbGciOiJIUzI1NiJ9.eyJ1c2VyX2lkIjoxLCJ1c2VybmFtZSI6ImFsZXhtaWhhaSIsImV4cCI6MTc0NjUzNDc1MX0.TopfoPTelX7wqCVjq8FPXgXhWf-WG6GpxBwqk9nFw3o"}
Request received: {"token":"eyJ0eXAiOiJKV1QiLCJhbGciOiJIUzI1NiJ9.eyJ1c2VyX2lkIjoxLCJ1c2VybmFtZSI6ImFsZXhtaWhhaSIsImV4cCI6MTc0NjUzNDc1MX0.TopfoPTelX7wqCVjq8FPXgXhWf-WG6GpxBwqk9nFw3o"}
Request received: {"token":"eyJ0eXAiOiJKV1QiLCJhbGciOiJIUzI1NiJ9.eyJ1c2VyX2lkIjoxLCJ1c2VybmFtZSI6ImFsZXhtaWhhaSIsImV4cCI6MTc0NjUzNDc1MX0.TopfoPTelX7wqCVjq8FPXgXhWf-WG6GpxBwqk9nFw3o"}
Request received: {"token":"eyJ0eXAiOiJKV1QiLCJhbGciOiJIUzI1NiJ9.eyJ1c2VyX2lkIjoxLCJ1c2VybmFtZSI6ImFsZXhtaWhhaSIsImV4cCI6MTc0NjUzNDc1MX0.TopfoPTelX7wqCVjq8FPXgXhWf-WG6GpxBwqk9nFw3o"}
Request received: {"token":"eyJ0eXAiOiJKV1QiLCJhbGciOiJIUzI1NiJ9.eyJ1c2VyX2lkIjoxLCJ1c2VybmFtZSI6ImFsZXhtaWhhaSIsImV4cCI6MTc0NjUzODY3OH0.ffbIplp4YInGqXU5mrtzjJDMjY4IUVnGWHFYqVTY5IE"}
Request received: {"token":"eyJ0eXAiOiJKV1QiLCJhbGciOiJIUzI1NiJ9.eyJ1c2VyX2lkIjoyLCJ1c2VybmFtZSI6ImlvbmlvbmVzY3UiLCJleHAiOjE3NDY1Mzg3OTl9.oAoTbfKt6_MxLMLSeXbMP05uUXl2LFqSnE7kDMBfwko"}
Request received: {"token":"eyJ0eXAiOiJKV1QiLCJhbGciOiJIUzI1NiJ9.eyJ1c2VyX2lkIjoxLCJ1c2VybmFtZSI6ImFsZXhtaWhhaSIsImV4cCI6MTc0NjUzODY3OH0.ffbIplp4YInGqXU5mrtzjJDMjY4IUVnGWHFYqVTY5IE"}
Request received: {"token":"eyJ0eXAiOiJKV1QiLCJhbGciOiJIUzI1NiJ9.eyJ1c2VyX2lkIjoyLCJ1c2VybmFtZSI6ImlvbmlvbmVzY3UiLCJleHAiOjE3NDY1Mzg3OTl9.oAoTbfKt6_MxLMLSeXbMP05uUXl2LFqSnE7kDMBfwko"}
Request received: {"token":"eyJ0eXAiOiJKV1QiLCJhbGciOiJIUzI1NiJ9.eyJ1c2VyX2lkIjoxLCJ1c2VybmFtZSI6ImFsZXhtaWhhaSIsImV4cCI6MTc0NjUzODY3OH0.ffbIplp4YInGqXU5mrtzjJDMjY4IUVnGWHFYqVTY5IE"}
Request received: {"token":"eyJ0eXAiOiJKV1QiLCJhbGciOiJIUzI1NiJ9.eyJ1c2VyX2lkIjoyLCJ1c2VybmFtZSI6ImlvbmlvbmVzY3UiLCJleHAiOjE3NDY1Mzg3OTl9.oAoTbfKt6_MxLMLSeXbMP05uUXl2LFqSnE7kDMBfwko"}
Request received: {"token":"eyJ0eXAiOiJKV1QiLCJhbGciOiJIUzI1NiJ9.eyJ1c2VyX2lkIjoxLCJ1c2VybmFtZSI6ImFsZXhtaWhhaSIsImV4cCI6MTc0NjUzODY3OH0.ffbIplp4YInGqXU5mrtzjJDMjY4IUVnGWHFYqVTY5IE"}
Request received: {"token":"eyJ0eXAiOiJKV1QiLCJhbGciOiJIUzI1NiJ9.eyJ1c2VyX2lkIjoyLCJ1c2VybmFtZSI6ImlvbmlvbmVzY3UiLCJleHAiOjE3NDY1Mzg3OTl9.oAoTbfKt6_MxLMLSeXbMP05uUXl2LFqSnE7kDMBfwko"}
Request received: {"token":"eyJ0eXAiOiJKV1QiLCJhbGciOiJIUzI1NiJ9.eyJ1c2VyX2lkIjoyLCJ1c2VybmFtZSI6ImlvbmlvbmVzY3UiLCJleHAiOjE3NDY1Mzg3OTl9.oAoTbfKt6_MxLMLSeXbMP05uUXl2LFqSnE7kDMBfwko"}
Request received: {"token":"eyJ0eXAiOiJKV1QiLCJhbGciOiJIUzI1NiJ9.eyJ1c2VyX2lkIjoxLCJ1c2VybmFtZSI6ImFsZXhtaWhhaSIsImV4cCI6MTc0NjUzODY3OH0.ffbIplp4YInGqXU5mrtzjJDMjY4IUVnGWHFYqVTY5IE"}
Request received: {"token":"eyJ0eXAiOiJKV1QiLCJhbGciOiJIUzI1NiJ9.eyJ1c2VyX2lkIjoyLCJ1c2VybmFtZSI6ImlvbmlvbmVzY3UiLCJleHAiOjE3NDY1Mzg3OTl9.oAoTbfKt6_MxLMLSeXbMP05uUXl2LFqSnE7kDMBfwko"}
Request received: {"token":"eyJ0eXAiOiJKV1QiLCJhbGciOiJIUzI1NiJ9.eyJ1c2VyX2lkIjoxLCJ1c2VybmFtZSI6ImFsZXhtaWhhaSIsImV4cCI6MTc0NjUzODY3OH0.ffbIplp4YInGqXU5mrtzjJDMjY4IUVnGWHFYqVTY5IE"}
Request received: {"token":"eyJ0eXAiOiJKV1QiLCJhbGciOiJIUzI1NiJ9.eyJ1c2VyX2lkIjoyLCJ1c2VybmFtZSI6ImlvbmlvbmVzY3UiLCJleHAiOjE3NDY1Mzg3OTl9.oAoTbfKt6_MxLMLSeXbMP05uUXl2LFqSnE7kDMBfwko"}
Request received: {"token":"eyJ0eXAiOiJKV1QiLCJhbGciOiJIUzI1NiJ9.eyJ1c2VyX2lkIjoxLCJ1c2VybmFtZSI6ImFsZXhtaWhhaSIsImV4cCI6MTc0NjUzODY3OH0.ffbIplp4YInGqXU5mrtzjJDMjY4IUVnGWHFYqVTY5IE"}
Request received: {"token":"eyJ0eXAiOiJKV1QiLCJhbGciOiJIUzI1NiJ9.eyJ1c2VyX2lkIjoyLCJ1c2VybmFtZSI6ImlvbmlvbmVzY3UiLCJleHAiOjE3NDY1Mzg3OTl9.oAoTbfKt6_MxLMLSeXbMP05uUXl2LFqSnE7kDMBfwko"}
Request received: {"token":"eyJ0eXAiOiJKV1QiLCJhbGciOiJIUzI1NiJ9.eyJ1c2VyX2lkIjoxLCJ1c2VybmFtZSI6ImFsZXhtaWhhaSIsImV4cCI6MTc0NjUzODY3OH0.ffbIplp4YInGqXU5mrtzjJDMjY4IUVnGWHFYqVTY5IE"}
Request received: {"token":"eyJ0eXAiOiJKV1QiLCJhbGciOiJIUzI1NiJ9.eyJ1c2VyX2lkIjoyLCJ1c2VybmFtZSI6ImlvbmlvbmVzY3UiLCJleHAiOjE3NDY1Mzg3OTl9.oAoTbfKt6_MxLMLSeXbMP05uUXl2LFqSnE7kDMBfwko"}
Request received: {"token":"eyJ0eXAiOiJKV1QiLCJhbGciOiJIUzI1NiJ9.eyJ1c2VyX2lkIjoxLCJ1c2VybmFtZSI6ImFsZXhtaWhhaSIsImV4cCI6MTc0NjUzODY3OH0.ffbIplp4YInGqXU5mrtzjJDMjY4IUVnGWHFYqVTY5IE"}
Request received: {"token":"eyJ0eXAiOiJKV1QiLCJhbGciOiJIUzI1NiJ9.eyJ1c2VyX2lkIjoyLCJ1c2VybmFtZSI6ImlvbmlvbmVzY3UiLCJleHAiOjE3NDY1Mzg3OTl9.oAoTbfKt6_MxLMLSeXbMP05uUXl2LFqSnE7kDMBfwko"}
Request received: {"token":"eyJ0eXAiOiJKV1QiLCJhbGciOiJIUzI1NiJ9.eyJ1c2VyX2lkIjoxLCJ1c2VybmFtZSI6ImFsZXhtaWhhaSIsImV4cCI6MTc0NjUzODY3OH0.ffbIplp4YInGqXU5mrtzjJDMjY4IUVnGWHFYqVTY5IE"}
Request received: {"token":"eyJ0eXAiOiJKV1QiLCJhbGciOiJIUzI1NiJ9.eyJ1c2VyX2lkIjoyLCJ1c2VybmFtZSI6ImlvbmlvbmVzY3UiLCJleHAiOjE3NDY1Mzg3OTl9.oAoTbfKt6_MxLMLSeXbMP05uUXl2LFqSnE7kDMBfwko"}
Request received: {"token":"eyJ0eXAiOiJKV1QiLCJhbGciOiJIUzI1NiJ9.eyJ1c2VyX2lkIjoxLCJ1c2VybmFtZSI6ImFsZXhtaWhhaSIsImV4cCI6MTc0NjUzODY3OH0.ffbIplp4YInGqXU5mrtzjJDMjY4IUVnGWHFYqVTY5IE"}
Request received: {"token":"eyJ0eXAiOiJKV1QiLCJhbGciOiJIUzI1NiJ9.eyJ1c2VyX2lkIjoyLCJ1c2VybmFtZSI6ImlvbmlvbmVzY3UiLCJleHAiOjE3NDY1Mzg3OTl9.oAoTbfKt6_MxLMLSeXbMP05uUXl2LFqSnE7kDMBfwko"}
Request received: {"token":"eyJ0eXAiOiJKV1QiLCJhbGciOiJIUzI1NiJ9.eyJ1c2VyX2lkIjoxLCJ1c2VybmFtZSI6ImFsZXhtaWhhaSIsImV4cCI6MTc0NjUzODY3OH0.ffbIplp4YInGqXU5mrtzjJDMjY4IUVnGWHFYqVTY5IE"}
Request received: {"token":"eyJ0eXAiOiJKV1QiLCJhbGciOiJIUzI1NiJ9.eyJ1c2VyX2lkIjoyLCJ1c2VybmFtZSI6ImlvbmlvbmVzY3UiLCJleHAiOjE3NDY1Mzg3OTl9.oAoTbfKt6_MxLMLSeXbMP05uUXl2LFqSnE7kDMBfwko"}
Request received: {"token":"eyJ0eXAiOiJKV1QiLCJhbGciOiJIUzI1NiJ9.eyJ1c2VyX2lkIjoxLCJ1c2VybmFtZSI6ImFsZXhtaWhhaSIsImV4cCI6MTc0NjUzODY3OH0.ffbIplp4YInGqXU5mrtzjJDMjY4IUVnGWHFYqVTY5IE"}
Request received: {"token":"eyJ0eXAiOiJKV1QiLCJhbGciOiJIUzI1NiJ9.eyJ1c2VyX2lkIjoyLCJ1c2VybmFtZSI6ImlvbmlvbmVzY3UiLCJleHAiOjE3NDY1Mzg3OTl9.oAoTbfKt6_MxLMLSeXbMP05uUXl2LFqSnE7kDMBfwko"}
Request received: {"token":"eyJ0eXAiOiJKV1QiLCJhbGciOiJIUzI1NiJ9.eyJ1c2VyX2lkIjoxLCJ1c2VybmFtZSI6ImFsZXhtaWhhaSIsImV4cCI6MTc0NjUzODY3OH0.ffbIplp4YInGqXU5mrtzjJDMjY4IUVnGWHFYqVTY5IE"}
Request received: {"token":"eyJ0eXAiOiJKV1QiLCJhbGciOiJIUzI1NiJ9.eyJ1c2VyX2lkIjoyLCJ1c2VybmFtZSI6ImlvbmlvbmVzY3UiLCJleHAiOjE3NDY1Mzg3OTl9.oAoTbfKt6_MxLMLSeXbMP05uUXl2LFqSnE7kDMBfwko"}
Request received: {"token":"eyJ0eXAiOiJKV1QiLCJhbGciOiJIUzI1NiJ9.eyJ1c2VyX2lkIjoxLCJ1c2VybmFtZSI6ImFsZXhtaWhhaSIsImV4cCI6MTc0NjUzODY3OH0.ffbIplp4YInGqXU5mrtzjJDMjY4IUVnGWHFYqVTY5IE"}
Request received: {"token":"eyJ0eXAiOiJKV1QiLCJhbGciOiJIUzI1NiJ9.eyJ1c2VyX2lkIjoyLCJ1c2VybmFtZSI6ImlvbmlvbmVzY3UiLCJleHAiOjE3NDY1Mzg3OTl9.oAoTbfKt6_MxLMLSeXbMP05uUXl2LFqSnE7kDMBfwko"}
Request received: {"token":"eyJ0eXAiOiJKV1QiLCJhbGciOiJIUzI1NiJ9.eyJ1c2VyX2lkIjoxLCJ1c2VybmFtZSI6ImFsZXhtaWhhaSIsImV4cCI6MTc0NjUzODY3OH0.ffbIplp4YInGqXU5mrtzjJDMjY4IUVnGWHFYqVTY5IE"}
Request received: {"token":"eyJ0eXAiOiJKV1QiLCJhbGciOiJIUzI1NiJ9.eyJ1c2VyX2lkIjoyLCJ1c2VybmFtZSI6ImlvbmlvbmVzY3UiLCJleHAiOjE3NDY1Mzg3OTl9.oAoTbfKt6_MxLMLSeXbMP05uUXl2LFqSnE7kDMBfwko"}
Request received: {"token":"eyJ0eXAiOiJKV1QiLCJhbGciOiJIUzI1NiJ9.eyJ1c2VyX2lkIjoxLCJ1c2VybmFtZSI6ImFsZXhtaWhhaSIsImV4cCI6MTc0NjUzODY3OH0.ffbIplp4YInGqXU5mrtzjJDMjY4IUVnGWHFYqVTY5IE"}
Request received: {"token":"eyJ0eXAiOiJKV1QiLCJhbGciOiJIUzI1NiJ9.eyJ1c2VyX2lkIjoyLCJ1c2VybmFtZSI6ImlvbmlvbmVzY3UiLCJleHAiOjE3NDY1Mzg3OTl9.oAoTbfKt6_MxLMLSeXbMP05uUXl2LFqSnE7kDMBfwko"}
Request received: {"token":"eyJ0eXAiOiJKV1QiLCJhbGciOiJIUzI1NiJ9.eyJ1c2VyX2lkIjoxLCJ1c2VybmFtZSI6ImFsZXhtaWhhaSIsImV4cCI6MTc0NjUzODY3OH0.ffbIplp4YInGqXU5mrtzjJDMjY4IUVnGWHFYqVTY5IE"}
Request received: {"token":"eyJ0eXAiOiJKV1QiLCJhbGciOiJIUzI1NiJ9.eyJ1c2VyX2lkIjoyLCJ1c2VybmFtZSI6ImlvbmlvbmVzY3UiLCJleHAiOjE3NDY1Mzg3OTl9.oAoTbfKt6_MxLMLSeXbMP05uUXl2LFqSnE7kDMBfwko"}
Request received: {"token":"eyJ0eXAiOiJKV1QiLCJhbGciOiJIUzI1NiJ9.eyJ1c2VyX2lkIjoxLCJ1c2VybmFtZSI6ImFsZXhtaWhhaSIsImV4cCI6MTc0NjUzODY3OH0.ffbIplp4YInGqXU5mrtzjJDMjY4IUVnGWHFYqVTY5IE"}
Request received: {"token":"eyJ0eXAiOiJKV1QiLCJhbGciOiJIUzI1NiJ9.eyJ1c2VyX2lkIjoyLCJ1c2VybmFtZSI6ImlvbmlvbmVzY3UiLCJleHAiOjE3NDY1Mzg3OTl9.oAoTbfKt6_MxLMLSeXbMP05uUXl2LFqSnE7kDMBfwko"}
Request received: {"token":"eyJ0eXAiOiJKV1QiLCJhbGciOiJIUzI1NiJ9.eyJ1c2VyX2lkIjoxLCJ1c2VybmFtZSI6ImFsZXhtaWhhaSIsImV4cCI6MTc0NjUzODY3OH0.ffbIplp4YInGqXU5mrtzjJDMjY4IUVnGWHFYqVTY5IE"}
Request received: {"token":"eyJ0eXAiOiJKV1QiLCJhbGciOiJIUzI1NiJ9.eyJ1c2VyX2lkIjoyLCJ1c2VybmFtZSI6ImlvbmlvbmVzY3UiLCJleHAiOjE3NDY1Mzg3OTl9.oAoTbfKt6_MxLMLSeXbMP05uUXl2LFqSnE7kDMBfwko"}
Request received: {"token":"eyJ0eXAiOiJKV1QiLCJhbGciOiJIUzI1NiJ9.eyJ1c2VyX2lkIjoxLCJ1c2VybmFtZSI6ImFsZXhtaWhhaSIsImV4cCI6MTc0NjUzODY3OH0.ffbIplp4YInGqXU5mrtzjJDMjY4IUVnGWHFYqVTY5IE"}
Request received: {"token":"eyJ0eXAiOiJKV1QiLCJhbGciOiJIUzI1NiJ9.eyJ1c2VyX2lkIjoyLCJ1c2VybmFtZSI6ImlvbmlvbmVzY3UiLCJleHAiOjE3NDY1Mzg3OTl9.oAoTbfKt6_MxLMLSeXbMP05uUXl2LFqSnE7kDMBfwko"}
Request received: {"token":"eyJ0eXAiOiJKV1QiLCJhbGciOiJIUzI1NiJ9.eyJ1c2VyX2lkIjoxLCJ1c2VybmFtZSI6ImFsZXhtaWhhaSIsImV4cCI6MTc0NjUzODY3OH0.ffbIplp4YInGqXU5mrtzjJDMjY4IUVnGWHFYqVTY5IE"}
Request received: {"token":"eyJ0eXAiOiJKV1QiLCJhbGciOiJIUzI1NiJ9.eyJ1c2VyX2lkIjoyLCJ1c2VybmFtZSI6ImlvbmlvbmVzY3UiLCJleHAiOjE3NDY1Mzg3OTl9.oAoTbfKt6_MxLMLSeXbMP05uUXl2LFqSnE7kDMBfwko"}
Request received: {"token":"eyJ0eXAiOiJKV1QiLCJhbGciOiJIUzI1NiJ9.eyJ1c2VyX2lkIjoxLCJ1c2VybmFtZSI6ImFsZXhtaWhhaSIsImV4cCI6MTc0NjUzODY3OH0.ffbIplp4YInGqXU5mrtzjJDMjY4IUVnGWHFYqVTY5IE"}
Request received: {"token":"eyJ0eXAiOiJKV1QiLCJhbGciOiJIUzI1NiJ9.eyJ1c2VyX2lkIjoyLCJ1c2VybmFtZSI6ImlvbmlvbmVzY3UiLCJleHAiOjE3NDY1Mzg3OTl9.oAoTbfKt6_MxLMLSeXbMP05uUXl2LFqSnE7kDMBfwko"}
Request received: {"token":"eyJ0eXAiOiJKV1QiLCJhbGciOiJIUzI1NiJ9.eyJ1c2VyX2lkIjoxLCJ1c2VybmFtZSI6ImFsZXhtaWhhaSIsImV4cCI6MTc0NjUzODY3OH0.ffbIplp4YInGqXU5mrtzjJDMjY4IUVnGWHFYqVTY5IE"}
Request received: {"token":"eyJ0eXAiOiJKV1QiLCJhbGciOiJIUzI1NiJ9.eyJ1c2VyX2lkIjoyLCJ1c2VybmFtZSI6ImlvbmlvbmVzY3UiLCJleHAiOjE3NDY1Mzg3OTl9.oAoTbfKt6_MxLMLSeXbMP05uUXl2LFqSnE7kDMBfwko"}
Request received: {"token":"eyJ0eXAiOiJKV1QiLCJhbGciOiJIUzI1NiJ9.eyJ1c2VyX2lkIjoxLCJ1c2VybmFtZSI6ImFsZXhtaWhhaSIsImV4cCI6MTc0NjUzODY3OH0.ffbIplp4YInGqXU5mrtzjJDMjY4IUVnGWHFYqVTY5IE"}
Request received: {"token":"eyJ0eXAiOiJKV1QiLCJhbGciOiJIUzI1NiJ9.eyJ1c2VyX2lkIjoyLCJ1c2VybmFtZSI6ImlvbmlvbmVzY3UiLCJleHAiOjE3NDY1Mzg3OTl9.oAoTbfKt6_MxLMLSeXbMP05uUXl2LFqSnE7kDMBfwko"}
Request received: {"token":"eyJ0eXAiOiJKV1QiLCJhbGciOiJIUzI1NiJ9.eyJ1c2VyX2lkIjoxLCJ1c2VybmFtZSI6ImFsZXhtaWhhaSIsImV4cCI6MTc0NjUzODY3OH0.ffbIplp4YInGqXU5mrtzjJDMjY4IUVnGWHFYqVTY5IE"}
Request received: {"token":"eyJ0eXAiOiJKV1QiLCJhbGciOiJIUzI1NiJ9.eyJ1c2VyX2lkIjoyLCJ1c2VybmFtZSI6ImlvbmlvbmVzY3UiLCJleHAiOjE3NDY1Mzg3OTl9.oAoTbfKt6_MxLMLSeXbMP05uUXl2LFqSnE7kDMBfwko"}
Request received: {"token":"eyJ0eXAiOiJKV1QiLCJhbGciOiJIUzI1NiJ9.eyJ1c2VyX2lkIjoxLCJ1c2VybmFtZSI6ImFsZXhtaWhhaSIsImV4cCI6MTc0NjUzODY3OH0.ffbIplp4YInGqXU5mrtzjJDMjY4IUVnGWHFYqVTY5IE"}
Request received: {"token":"eyJ0eXAiOiJKV1QiLCJhbGciOiJIUzI1NiJ9.eyJ1c2VyX2lkIjoyLCJ1c2VybmFtZSI6ImlvbmlvbmVzY3UiLCJleHAiOjE3NDY1Mzg3OTl9.oAoTbfKt6_MxLMLSeXbMP05uUXl2LFqSnE7kDMBfwko"}
Request received: {"token":"eyJ0eXAiOiJKV1QiLCJhbGciOiJIUzI1NiJ9.eyJ1c2VyX2lkIjoxLCJ1c2VybmFtZSI6ImFsZXhtaWhhaSIsImV4cCI6MTc0NjUzODY3OH0.ffbIplp4YInGqXU5mrtzjJDMjY4IUVnGWHFYqVTY5IE"}
Request received: {"token":"eyJ0eXAiOiJKV1QiLCJhbGciOiJIUzI1NiJ9.eyJ1c2VyX2lkIjoyLCJ1c2VybmFtZSI6ImlvbmlvbmVzY3UiLCJleHAiOjE3NDY1Mzg3OTl9.oAoTbfKt6_MxLMLSeXbMP05uUXl2LFqSnE7kDMBfwko"}
Request received: {"token":"eyJ0eXAiOiJKV1QiLCJhbGciOiJIUzI1NiJ9.eyJ1c2VyX2lkIjoxLCJ1c2VybmFtZSI6ImFsZXhtaWhhaSIsImV4cCI6MTc0NjUzODY3OH0.ffbIplp4YInGqXU5mrtzjJDMjY4IUVnGWHFYqVTY5IE"}
Request received: {"token":"eyJ0eXAiOiJKV1QiLCJhbGciOiJIUzI1NiJ9.eyJ1c2VyX2lkIjoyLCJ1c2VybmFtZSI6ImlvbmlvbmVzY3UiLCJleHAiOjE3NDY1Mzg3OTl9.oAoTbfKt6_MxLMLSeXbMP05uUXl2LFqSnE7kDMBfwko"}
Request received: {"token":"eyJ0eXAiOiJKV1QiLCJhbGciOiJIUzI1NiJ9.eyJ1c2VyX2lkIjoxLCJ1c2VybmFtZSI6ImFsZXhtaWhhaSIsImV4cCI6MTc0NjUzODY3OH0.ffbIplp4YInGqXU5mrtzjJDMjY4IUVnGWHFYqVTY5IE"}
Request received: {"token":"eyJ0eXAiOiJKV1QiLCJhbGciOiJIUzI1NiJ9.eyJ1c2VyX2lkIjoyLCJ1c2VybmFtZSI6ImlvbmlvbmVzY3UiLCJleHAiOjE3NDY1Mzg3OTl9.oAoTbfKt6_MxLMLSeXbMP05uUXl2LFqSnE7kDMBfwko"}
Request received: {"token":"eyJ0eXAiOiJKV1QiLCJhbGciOiJIUzI1NiJ9.eyJ1c2VyX2lkIjoxLCJ1c2VybmFtZSI6ImFsZXhtaWhhaSIsImV4cCI6MTc0NjUzODY3OH0.ffbIplp4YInGqXU5mrtzjJDMjY4IUVnGWHFYqVTY5IE"}
Request received: {"token":"eyJ0eXAiOiJKV1QiLCJhbGciOiJIUzI1NiJ9.eyJ1c2VyX2lkIjoyLCJ1c2VybmFtZSI6ImlvbmlvbmVzY3UiLCJleHAiOjE3NDY1Mzg3OTl9.oAoTbfKt6_MxLMLSeXbMP05uUXl2LFqSnE7kDMBfwko"}
Request received: {"token":"eyJ0eXAiOiJKV1QiLCJhbGciOiJIUzI1NiJ9.eyJ1c2VyX2lkIjoxLCJ1c2VybmFtZSI6ImFsZXhtaWhhaSIsImV4cCI6MTc0NjUzODY3OH0.ffbIplp4YInGqXU5mrtzjJDMjY4IUVnGWHFYqVTY5IE"}
Request received: {"token":"eyJ0eXAiOiJKV1QiLCJhbGciOiJIUzI1NiJ9.eyJ1c2VyX2lkIjoyLCJ1c2VybmFtZSI6ImlvbmlvbmVzY3UiLCJleHAiOjE3NDY1Mzg3OTl9.oAoTbfKt6_MxLMLSeXbMP05uUXl2LFqSnE7kDMBfwko"}
Request received: {"token":"eyJ0eXAiOiJKV1QiLCJhbGciOiJIUzI1NiJ9.eyJ1c2VyX2lkIjoxLCJ1c2VybmFtZSI6ImFsZXhtaWhhaSIsImV4cCI6MTc0NjUzODY3OH0.ffbIplp4YInGqXU5mrtzjJDMjY4IUVnGWHFYqVTY5IE"}
Request received: {"token":"eyJ0eXAiOiJKV1QiLCJhbGciOiJIUzI1NiJ9.eyJ1c2VyX2lkIjoyLCJ1c2VybmFtZSI6ImlvbmlvbmVzY3UiLCJleHAiOjE3NDY1Mzg3OTl9.oAoTbfKt6_MxLMLSeXbMP05uUXl2LFqSnE7kDMBfwko"}
Request received: {"token":"eyJ0eXAiOiJKV1QiLCJhbGciOiJIUzI1NiJ9.eyJ1c2VyX2lkIjoxLCJ1c2VybmFtZSI6ImFsZXhtaWhhaSIsImV4cCI6MTc0NjUzODY3OH0.ffbIplp4YInGqXU5mrtzjJDMjY4IUVnGWHFYqVTY5IE"}
Request received: {"token":"eyJ0eXAiOiJKV1QiLCJhbGciOiJIUzI1NiJ9.eyJ1c2VyX2lkIjoyLCJ1c2VybmFtZSI6ImlvbmlvbmVzY3UiLCJleHAiOjE3NDY1Mzg3OTl9.oAoTbfKt6_MxLMLSeXbMP05uUXl2LFqSnE7kDMBfwko"}
Request received: {"token":"eyJ0eXAiOiJKV1QiLCJhbGciOiJIUzI1NiJ9.eyJ1c2VyX2lkIjoxLCJ1c2VybmFtZSI6ImFsZXhtaWhhaSIsImV4cCI6MTc0NjUzODY3OH0.ffbIplp4YInGqXU5mrtzjJDMjY4IUVnGWHFYqVTY5IE"}
Request received: {"token":"eyJ0eXAiOiJKV1QiLCJhbGciOiJIUzI1NiJ9.eyJ1c2VyX2lkIjoyLCJ1c2VybmFtZSI6ImlvbmlvbmVzY3UiLCJleHAiOjE3NDY1Mzg3OTl9.oAoTbfKt6_MxLMLSeXbMP05uUXl2LFqSnE7kDMBfwko"}
Request received: {"token":"eyJ0eXAiOiJKV1QiLCJhbGciOiJIUzI1NiJ9.eyJ1c2VyX2lkIjoxLCJ1c2VybmFtZSI6ImFsZXhtaWhhaSIsImV4cCI6MTc0NjUzODY3OH0.ffbIplp4YInGqXU5mrtzjJDMjY4IUVnGWHFYqVTY5IE"}
Request received: {"token":"eyJ0eXAiOiJKV1QiLCJhbGciOiJIUzI1NiJ9.eyJ1c2VyX2lkIjoyLCJ1c2VybmFtZSI6ImlvbmlvbmVzY3UiLCJleHAiOjE3NDY1Mzg3OTl9.oAoTbfKt6_MxLMLSeXbMP05uUXl2LFqSnE7kDMBfwko"}
Request received: {"token":"eyJ0eXAiOiJKV1QiLCJhbGciOiJIUzI1NiJ9.eyJ1c2VyX2lkIjoxLCJ1c2VybmFtZSI6ImFsZXhtaWhhaSIsImV4cCI6MTc0NjUzODY3OH0.ffbIplp4YInGqXU5mrtzjJDMjY4IUVnGWHFYqVTY5IE"}
Invalid token: Expired token
Request received: {"token":"eyJ0eXAiOiJKV1QiLCJhbGciOiJIUzI1NiJ9.eyJ1c2VyX2lkIjoyLCJ1c2VybmFtZSI6ImlvbmlvbmVzY3UiLCJleHAiOjE3NDY1Mzg3OTl9.oAoTbfKt6_MxLMLSeXbMP05uUXl2LFqSnE7kDMBfwko"}
Invalid token: Expired token
Request received: {"token":"eyJ0eXAiOiJKV1QiLCJhbGciOiJIUzI1NiJ9.eyJ1c2VyX2lkIjoxLCJ1c2VybmFtZSI6ImFsZXhtaWhhaSIsImV4cCI6MTc0NjU0Mjk4N30.C7GbJwgC3L2Hdht7-PezlfiRXAeHasBGnu8ceJYfGfM"}
Invalid token: Expired token
Request received: {"token":"eyJ0eXAiOiJKV1QiLCJhbGciOiJIUzI1NiJ9.eyJ1c2VyX2lkIjoxLCJ1c2VybmFtZSI6ImFsZXhtaWhhaSIsImV4cCI6MTc0NjU1ODc5OH0.CMujj_bHTs3SP7WaC1VmgATXS4sthGRxwb9K3FyCtUs"}
Request received: {"token":"eyJ0eXAiOiJKV1QiLCJhbGciOiJIUzI1NiJ9.eyJ1c2VyX2lkIjoyLCJ1c2VybmFtZSI6ImlvbmlvbmVzY3UiLCJleHAiOjE3NDY1NTg4MTN9.oM_hapUuw2U5PEhr9C09wCiSK30vfcRzxT9NiCpfN9k"}
Request received: {"token":"eyJ0eXAiOiJKV1QiLCJhbGciOiJIUzI1NiJ9.eyJ1c2VyX2lkIjoxLCJ1c2VybmFtZSI6ImFsZXhtaWhhaSIsImV4cCI6MTc0NjU1ODc5OH0.CMujj_bHTs3SP7WaC1VmgATXS4sthGRxwb9K3FyCtUs"}
Request received: {"token":"eyJ0eXAiOiJKV1QiLCJhbGciOiJIUzI1NiJ9.eyJ1c2VyX2lkIjoyLCJ1c2VybmFtZSI6ImlvbmlvbmVzY3UiLCJleHAiOjE3NDY1NTg4MTN9.oM_hapUuw2U5PEhr9C09wCiSK30vfcRzxT9NiCpfN9k"}
Request received: {"token":"eyJ0eXAiOiJKV1QiLCJhbGciOiJIUzI1NiJ9.eyJ1c2VyX2lkIjoxLCJ1c2VybmFtZSI6ImFsZXhtaWhhaSIsImV4cCI6MTc0NjU1ODc5OH0.CMujj_bHTs3SP7WaC1VmgATXS4sthGRxwb9K3FyCtUs"}
Request received: {"token":"eyJ0eXAiOiJKV1QiLCJhbGciOiJIUzI1NiJ9.eyJ1c2VyX2lkIjoyLCJ1c2VybmFtZSI6ImlvbmlvbmVzY3UiLCJleHAiOjE3NDY1NTg4MTN9.oM_hapUuw2U5PEhr9C09wCiSK30vfcRzxT9NiCpfN9k"}
Request received: {"token":"eyJ0eXAiOiJKV1QiLCJhbGciOiJIUzI1NiJ9.eyJ1c2VyX2lkIjoxLCJ1c2VybmFtZSI6ImFsZXhtaWhhaSIsImV4cCI6MTc0NjU1ODc5OH0.CMujj_bHTs3SP7WaC1VmgATXS4sthGRxwb9K3FyCtUs"}
Request received: {"token":"eyJ0eXAiOiJKV1QiLCJhbGciOiJIUzI1NiJ9.eyJ1c2VyX2lkIjoyLCJ1c2VybmFtZSI6ImlvbmlvbmVzY3UiLCJleHAiOjE3NDY1NTg4MTN9.oM_hapUuw2U5PEhr9C09wCiSK30vfcRzxT9NiCpfN9k"}
Request received: {"token":"eyJ0eXAiOiJKV1QiLCJhbGciOiJIUzI1NiJ9.eyJ1c2VyX2lkIjoxLCJ1c2VybmFtZSI6ImFsZXhtaWhhaSIsImV4cCI6MTc0NjU1ODc5OH0.CMujj_bHTs3SP7WaC1VmgATXS4sthGRxwb9K3FyCtUs"}
Request received: {"token":"eyJ0eXAiOiJKV1QiLCJhbGciOiJIUzI1NiJ9.eyJ1c2VyX2lkIjoyLCJ1c2VybmFtZSI6ImlvbmlvbmVzY3UiLCJleHAiOjE3NDY1NTg4MTN9.oM_hapUuw2U5PEhr9C09wCiSK30vfcRzxT9NiCpfN9k"}
Request received: {"token":"eyJ0eXAiOiJKV1QiLCJhbGciOiJIUzI1NiJ9.eyJ1c2VyX2lkIjoxLCJ1c2VybmFtZSI6ImFsZXhtaWhhaSIsImV4cCI6MTc0NjU1ODc5OH0.CMujj_bHTs3SP7WaC1VmgATXS4sthGRxwb9K3FyCtUs"}
Request received: {"token":"eyJ0eXAiOiJKV1QiLCJhbGciOiJIUzI1NiJ9.eyJ1c2VyX2lkIjoyLCJ1c2VybmFtZSI6ImlvbmlvbmVzY3UiLCJleHAiOjE3NDY1NTg4MTN9.oM_hapUuw2U5PEhr9C09wCiSK30vfcRzxT9NiCpfN9k"}
Request received: {"token":"eyJ0eXAiOiJKV1QiLCJhbGciOiJIUzI1NiJ9.eyJ1c2VyX2lkIjoyLCJ1c2VybmFtZSI6ImlvbmlvbmVzY3UiLCJleHAiOjE3NDY1NTg4MTN9.oM_hapUuw2U5PEhr9C09wCiSK30vfcRzxT9NiCpfN9k"}
Request received: {"token":"eyJ0eXAiOiJKV1QiLCJhbGciOiJIUzI1NiJ9.eyJ1c2VyX2lkIjoxLCJ1c2VybmFtZSI6ImFsZXhtaWhhaSIsImV4cCI6MTc0NjU1ODc5OH0.CMujj_bHTs3SP7WaC1VmgATXS4sthGRxwb9K3FyCtUs"}
Request received: {"token":"eyJ0eXAiOiJKV1QiLCJhbGciOiJIUzI1NiJ9.eyJ1c2VyX2lkIjoyLCJ1c2VybmFtZSI6ImlvbmlvbmVzY3UiLCJleHAiOjE3NDY1NTg4MTN9.oM_hapUuw2U5PEhr9C09wCiSK30vfcRzxT9NiCpfN9k"}
Request received: {"token":"eyJ0eXAiOiJKV1QiLCJhbGciOiJIUzI1NiJ9.eyJ1c2VyX2lkIjoxLCJ1c2VybmFtZSI6ImFsZXhtaWhhaSIsImV4cCI6MTc0NjU1ODc5OH0.CMujj_bHTs3SP7WaC1VmgATXS4sthGRxwb9K3FyCtUs"}
Request received: {"token":"eyJ0eXAiOiJKV1QiLCJhbGciOiJIUzI1NiJ9.eyJ1c2VyX2lkIjoyLCJ1c2VybmFtZSI6ImlvbmlvbmVzY3UiLCJleHAiOjE3NDY1NTg4MTN9.oM_hapUuw2U5PEhr9C09wCiSK30vfcRzxT9NiCpfN9k"}
Request received: {"token":"eyJ0eXAiOiJKV1QiLCJhbGciOiJIUzI1NiJ9.eyJ1c2VyX2lkIjoxLCJ1c2VybmFtZSI6ImFsZXhtaWhhaSIsImV4cCI6MTc0NjU1ODc5OH0.CMujj_bHTs3SP7WaC1VmgATXS4sthGRxwb9K3FyCtUs"}
Request received: {"token":"eyJ0eXAiOiJKV1QiLCJhbGciOiJIUzI1NiJ9.eyJ1c2VyX2lkIjoyLCJ1c2VybmFtZSI6ImlvbmlvbmVzY3UiLCJleHAiOjE3NDY1NTg4MTN9.oM_hapUuw2U5PEhr9C09wCiSK30vfcRzxT9NiCpfN9k"}
Request received: {"token":"eyJ0eXAiOiJKV1QiLCJhbGciOiJIUzI1NiJ9.eyJ1c2VyX2lkIjoxLCJ1c2VybmFtZSI6ImFsZXhtaWhhaSIsImV4cCI6MTc0NjU1ODc5OH0.CMujj_bHTs3SP7WaC1VmgATXS4sthGRxwb9K3FyCtUs"}
Request received: {"token":"eyJ0eXAiOiJKV1QiLCJhbGciOiJIUzI1NiJ9.eyJ1c2VyX2lkIjoyLCJ1c2VybmFtZSI6ImlvbmlvbmVzY3UiLCJleHAiOjE3NDY1NTg4MTN9.oM_hapUuw2U5PEhr9C09wCiSK30vfcRzxT9NiCpfN9k"}
Request received: {"token":"eyJ0eXAiOiJKV1QiLCJhbGciOiJIUzI1NiJ9.eyJ1c2VyX2lkIjoxLCJ1c2VybmFtZSI6ImFsZXhtaWhhaSIsImV4cCI6MTc0NjU1ODc5OH0.CMujj_bHTs3SP7WaC1VmgATXS4sthGRxwb9K3FyCtUs"}
Request received: {"token":"eyJ0eXAiOiJKV1QiLCJhbGciOiJIUzI1NiJ9.eyJ1c2VyX2lkIjoyLCJ1c2VybmFtZSI6ImlvbmlvbmVzY3UiLCJleHAiOjE3NDY1NTg4MTN9.oM_hapUuw2U5PEhr9C09wCiSK30vfcRzxT9NiCpfN9k"}
Request received: {"token":"eyJ0eXAiOiJKV1QiLCJhbGciOiJIUzI1NiJ9.eyJ1c2VyX2lkIjoxLCJ1c2VybmFtZSI6ImFsZXhtaWhhaSIsImV4cCI6MTc0NjU1ODc5OH0.CMujj_bHTs3SP7WaC1VmgATXS4sthGRxwb9K3FyCtUs"}
Request received: {"token":"eyJ0eXAiOiJKV1QiLCJhbGciOiJIUzI1NiJ9.eyJ1c2VyX2lkIjoyLCJ1c2VybmFtZSI6ImlvbmlvbmVzY3UiLCJleHAiOjE3NDY1NTg4MTN9.oM_hapUuw2U5PEhr9C09wCiSK30vfcRzxT9NiCpfN9k"}
Request received: {"token":"eyJ0eXAiOiJKV1QiLCJhbGciOiJIUzI1NiJ9.eyJ1c2VyX2lkIjoxLCJ1c2VybmFtZSI6ImFsZXhtaWhhaSIsImV4cCI6MTc0NjU1ODc5OH0.CMujj_bHTs3SP7WaC1VmgATXS4sthGRxwb9K3FyCtUs"}
Request received: {"token":"eyJ0eXAiOiJKV1QiLCJhbGciOiJIUzI1NiJ9.eyJ1c2VyX2lkIjoyLCJ1c2VybmFtZSI6ImlvbmlvbmVzY3UiLCJleHAiOjE3NDY1NTg4MTN9.oM_hapUuw2U5PEhr9C09wCiSK30vfcRzxT9NiCpfN9k"}
Request received: {"token":"eyJ0eXAiOiJKV1QiLCJhbGciOiJIUzI1NiJ9.eyJ1c2VyX2lkIjoxLCJ1c2VybmFtZSI6ImFsZXhtaWhhaSIsImV4cCI6MTc0NjU1ODc5OH0.CMujj_bHTs3SP7WaC1VmgATXS4sthGRxwb9K3FyCtUs"}
Request received: {"token":"eyJ0eXAiOiJKV1QiLCJhbGciOiJIUzI1NiJ9.eyJ1c2VyX2lkIjoyLCJ1c2VybmFtZSI6ImlvbmlvbmVzY3UiLCJleHAiOjE3NDY1NTg4MTN9.oM_hapUuw2U5PEhr9C09wCiSK30vfcRzxT9NiCpfN9k"}
Request received: {"token":"eyJ0eXAiOiJKV1QiLCJhbGciOiJIUzI1NiJ9.eyJ1c2VyX2lkIjoxLCJ1c2VybmFtZSI6ImFsZXhtaWhhaSIsImV4cCI6MTc0NjU1ODc5OH0.CMujj_bHTs3SP7WaC1VmgATXS4sthGRxwb9K3FyCtUs"}
Request received: {"token":"eyJ0eXAiOiJKV1QiLCJhbGciOiJIUzI1NiJ9.eyJ1c2VyX2lkIjoyLCJ1c2VybmFtZSI6ImlvbmlvbmVzY3UiLCJleHAiOjE3NDY1NTg4MTN9.oM_hapUuw2U5PEhr9C09wCiSK30vfcRzxT9NiCpfN9k"}
Request received: {"token":"eyJ0eXAiOiJKV1QiLCJhbGciOiJIUzI1NiJ9.eyJ1c2VyX2lkIjoxLCJ1c2VybmFtZSI6ImFsZXhtaWhhaSIsImV4cCI6MTc0NjU1ODc5OH0.CMujj_bHTs3SP7WaC1VmgATXS4sthGRxwb9K3FyCtUs"}
Request received: {"token":"eyJ0eXAiOiJKV1QiLCJhbGciOiJIUzI1NiJ9.eyJ1c2VyX2lkIjoyLCJ1c2VybmFtZSI6ImlvbmlvbmVzY3UiLCJleHAiOjE3NDY1NTg4MTN9.oM_hapUuw2U5PEhr9C09wCiSK30vfcRzxT9NiCpfN9k"}
Request received: {"token":"eyJ0eXAiOiJKV1QiLCJhbGciOiJIUzI1NiJ9.eyJ1c2VyX2lkIjoxLCJ1c2VybmFtZSI6ImFsZXhtaWhhaSIsImV4cCI6MTc0NjU1ODc5OH0.CMujj_bHTs3SP7WaC1VmgATXS4sthGRxwb9K3FyCtUs"}
Request received: {"token":"eyJ0eXAiOiJKV1QiLCJhbGciOiJIUzI1NiJ9.eyJ1c2VyX2lkIjoyLCJ1c2VybmFtZSI6ImlvbmlvbmVzY3UiLCJleHAiOjE3NDY1NTg4MTN9.oM_hapUuw2U5PEhr9C09wCiSK30vfcRzxT9NiCpfN9k"}
Request received: {"token":"eyJ0eXAiOiJKV1QiLCJhbGciOiJIUzI1NiJ9.eyJ1c2VyX2lkIjoxLCJ1c2VybmFtZSI6ImFsZXhtaWhhaSIsImV4cCI6MTc0NjU1ODc5OH0.CMujj_bHTs3SP7WaC1VmgATXS4sthGRxwb9K3FyCtUs"}
Request received: {"token":"eyJ0eXAiOiJKV1QiLCJhbGciOiJIUzI1NiJ9.eyJ1c2VyX2lkIjoyLCJ1c2VybmFtZSI6ImlvbmlvbmVzY3UiLCJleHAiOjE3NDY1NTg4MTN9.oM_hapUuw2U5PEhr9C09wCiSK30vfcRzxT9NiCpfN9k"}
Request received: {"token":"eyJ0eXAiOiJKV1QiLCJhbGciOiJIUzI1NiJ9.eyJ1c2VyX2lkIjoxLCJ1c2VybmFtZSI6ImFsZXhtaWhhaSIsImV4cCI6MTc0NjU1ODc5OH0.CMujj_bHTs3SP7WaC1VmgATXS4sthGRxwb9K3FyCtUs"}
Request received: {"token":"eyJ0eXAiOiJKV1QiLCJhbGciOiJIUzI1NiJ9.eyJ1c2VyX2lkIjoyLCJ1c2VybmFtZSI6ImlvbmlvbmVzY3UiLCJleHAiOjE3NDY1NTg4MTN9.oM_hapUuw2U5PEhr9C09wCiSK30vfcRzxT9NiCpfN9k"}
Request received: {"token":"eyJ0eXAiOiJKV1QiLCJhbGciOiJIUzI1NiJ9.eyJ1c2VyX2lkIjoxLCJ1c2VybmFtZSI6ImFsZXhtaWhhaSIsImV4cCI6MTc0NjU1ODc5OH0.CMujj_bHTs3SP7WaC1VmgATXS4sthGRxwb9K3FyCtUs"}
Request received: {"token":"eyJ0eXAiOiJKV1QiLCJhbGciOiJIUzI1NiJ9.eyJ1c2VyX2lkIjoyLCJ1c2VybmFtZSI6ImlvbmlvbmVzY3UiLCJleHAiOjE3NDY1NTg4MTN9.oM_hapUuw2U5PEhr9C09wCiSK30vfcRzxT9NiCpfN9k"}
Request received: {"token":"eyJ0eXAiOiJKV1QiLCJhbGciOiJIUzI1NiJ9.eyJ1c2VyX2lkIjoxLCJ1c2VybmFtZSI6ImFsZXhtaWhhaSIsImV4cCI6MTc0NjU1ODc5OH0.CMujj_bHTs3SP7WaC1VmgATXS4sthGRxwb9K3FyCtUs"}
Request received: {"token":"eyJ0eXAiOiJKV1QiLCJhbGciOiJIUzI1NiJ9.eyJ1c2VyX2lkIjoyLCJ1c2VybmFtZSI6ImlvbmlvbmVzY3UiLCJleHAiOjE3NDY1NTg4MTN9.oM_hapUuw2U5PEhr9C09wCiSK30vfcRzxT9NiCpfN9k"}
Request received: {"token":"eyJ0eXAiOiJKV1QiLCJhbGciOiJIUzI1NiJ9.eyJ1c2VyX2lkIjoxLCJ1c2VybmFtZSI6ImFsZXhtaWhhaSIsImV4cCI6MTc0NjU1ODc5OH0.CMujj_bHTs3SP7WaC1VmgATXS4sthGRxwb9K3FyCtUs"}
Request received: {"token":"eyJ0eXAiOiJKV1QiLCJhbGciOiJIUzI1NiJ9.eyJ1c2VyX2lkIjoyLCJ1c2VybmFtZSI6ImlvbmlvbmVzY3UiLCJleHAiOjE3NDY1NTg4MTN9.oM_hapUuw2U5PEhr9C09wCiSK30vfcRzxT9NiCpfN9k"}
Request received: {"token":"eyJ0eXAiOiJKV1QiLCJhbGciOiJIUzI1NiJ9.eyJ1c2VyX2lkIjoxLCJ1c2VybmFtZSI6ImFsZXhtaWhhaSIsImV4cCI6MTc0NjU1ODc5OH0.CMujj_bHTs3SP7WaC1VmgATXS4sthGRxwb9K3FyCtUs"}
Request received: {"token":"eyJ0eXAiOiJKV1QiLCJhbGciOiJIUzI1NiJ9.eyJ1c2VyX2lkIjoyLCJ1c2VybmFtZSI6ImlvbmlvbmVzY3UiLCJleHAiOjE3NDY1NTg4MTN9.oM_hapUuw2U5PEhr9C09wCiSK30vfcRzxT9NiCpfN9k"}
Request received: {"token":"eyJ0eXAiOiJKV1QiLCJhbGciOiJIUzI1NiJ9.eyJ1c2VyX2lkIjoxLCJ1c2VybmFtZSI6ImFsZXhtaWhhaSIsImV4cCI6MTc0NjU1ODc5OH0.CMujj_bHTs3SP7WaC1VmgATXS4sthGRxwb9K3FyCtUs"}
Request received: {"token":"eyJ0eXAiOiJKV1QiLCJhbGciOiJIUzI1NiJ9.eyJ1c2VyX2lkIjoyLCJ1c2VybmFtZSI6ImlvbmlvbmVzY3UiLCJleHAiOjE3NDY1NTg4MTN9.oM_hapUuw2U5PEhr9C09wCiSK30vfcRzxT9NiCpfN9k"}
Request received: {"token":"eyJ0eXAiOiJKV1QiLCJhbGciOiJIUzI1NiJ9.eyJ1c2VyX2lkIjoxLCJ1c2VybmFtZSI6ImFsZXhtaWhhaSIsImV4cCI6MTc0NjU1ODc5OH0.CMujj_bHTs3SP7WaC1VmgATXS4sthGRxwb9K3FyCtUs"}
Request received: {"token":"eyJ0eXAiOiJKV1QiLCJhbGciOiJIUzI1NiJ9.eyJ1c2VyX2lkIjoyLCJ1c2VybmFtZSI6ImlvbmlvbmVzY3UiLCJleHAiOjE3NDY1NTg4MTN9.oM_hapUuw2U5PEhr9C09wCiSK30vfcRzxT9NiCpfN9k"}
Request received: {"token":"eyJ0eXAiOiJKV1QiLCJhbGciOiJIUzI1NiJ9.eyJ1c2VyX2lkIjoxLCJ1c2VybmFtZSI6ImFsZXhtaWhhaSIsImV4cCI6MTc0NjU1ODc5OH0.CMujj_bHTs3SP7WaC1VmgATXS4sthGRxwb9K3FyCtUs"}
Request received: {"token":"eyJ0eXAiOiJKV1QiLCJhbGciOiJIUzI1NiJ9.eyJ1c2VyX2lkIjoyLCJ1c2VybmFtZSI6ImlvbmlvbmVzY3UiLCJleHAiOjE3NDY1NTg4MTN9.oM_hapUuw2U5PEhr9C09wCiSK30vfcRzxT9NiCpfN9k"}
Request received: {"token":"eyJ0eXAiOiJKV1QiLCJhbGciOiJIUzI1NiJ9.eyJ1c2VyX2lkIjoxLCJ1c2VybmFtZSI6ImFsZXhtaWhhaSIsImV4cCI6MTc0NjU1ODc5OH0.CMujj_bHTs3SP7WaC1VmgATXS4sthGRxwb9K3FyCtUs"}
Request received: {"token":"eyJ0eXAiOiJKV1QiLCJhbGciOiJIUzI1NiJ9.eyJ1c2VyX2lkIjoyLCJ1c2VybmFtZSI6ImlvbmlvbmVzY3UiLCJleHAiOjE3NDY1NTg4MTN9.oM_hapUuw2U5PEhr9C09wCiSK30vfcRzxT9NiCpfN9k"}
Request received: {"token":"eyJ0eXAiOiJKV1QiLCJhbGciOiJIUzI1NiJ9.eyJ1c2VyX2lkIjoxLCJ1c2VybmFtZSI6ImFsZXhtaWhhaSIsImV4cCI6MTc0NjU1ODc5OH0.CMujj_bHTs3SP7WaC1VmgATXS4sthGRxwb9K3FyCtUs"}
Request received: {"token":"eyJ0eXAiOiJKV1QiLCJhbGciOiJIUzI1NiJ9.eyJ1c2VyX2lkIjoyLCJ1c2VybmFtZSI6ImlvbmlvbmVzY3UiLCJleHAiOjE3NDY1NTg4MTN9.oM_hapUuw2U5PEhr9C09wCiSK30vfcRzxT9NiCpfN9k"}
Request received: {"token":"eyJ0eXAiOiJKV1QiLCJhbGciOiJIUzI1NiJ9.eyJ1c2VyX2lkIjoxLCJ1c2VybmFtZSI6ImFsZXhtaWhhaSIsImV4cCI6MTc0NjU1ODc5OH0.CMujj_bHTs3SP7WaC1VmgATXS4sthGRxwb9K3FyCtUs"}
Request received: {"token":"eyJ0eXAiOiJKV1QiLCJhbGciOiJIUzI1NiJ9.eyJ1c2VyX2lkIjoyLCJ1c2VybmFtZSI6ImlvbmlvbmVzY3UiLCJleHAiOjE3NDY1NTg4MTN9.oM_hapUuw2U5PEhr9C09wCiSK30vfcRzxT9NiCpfN9k"}
Request received: {"token":"eyJ0eXAiOiJKV1QiLCJhbGciOiJIUzI1NiJ9.eyJ1c2VyX2lkIjoxLCJ1c2VybmFtZSI6ImFsZXhtaWhhaSIsImV4cCI6MTc0NjU1ODc5OH0.CMujj_bHTs3SP7WaC1VmgATXS4sthGRxwb9K3FyCtUs"}
Request received: {"token":"eyJ0eXAiOiJKV1QiLCJhbGciOiJIUzI1NiJ9.eyJ1c2VyX2lkIjoyLCJ1c2VybmFtZSI6ImlvbmlvbmVzY3UiLCJleHAiOjE3NDY1NTg4MTN9.oM_hapUuw2U5PEhr9C09wCiSK30vfcRzxT9NiCpfN9k"}
Request received: {"token":"eyJ0eXAiOiJKV1QiLCJhbGciOiJIUzI1NiJ9.eyJ1c2VyX2lkIjoxLCJ1c2VybmFtZSI6ImFsZXhtaWhhaSIsImV4cCI6MTc0NjU1ODc5OH0.CMujj_bHTs3SP7WaC1VmgATXS4sthGRxwb9K3FyCtUs"}
Request received: {"token":"eyJ0eXAiOiJKV1QiLCJhbGciOiJIUzI1NiJ9.eyJ1c2VyX2lkIjoyLCJ1c2VybmFtZSI6ImlvbmlvbmVzY3UiLCJleHAiOjE3NDY1NTg4MTN9.oM_hapUuw2U5PEhr9C09wCiSK30vfcRzxT9NiCpfN9k"}
Request received: {"token":"eyJ0eXAiOiJKV1QiLCJhbGciOiJIUzI1NiJ9.eyJ1c2VyX2lkIjoxLCJ1c2VybmFtZSI6ImFsZXhtaWhhaSIsImV4cCI6MTc0NjU1ODc5OH0.CMujj_bHTs3SP7WaC1VmgATXS4sthGRxwb9K3FyCtUs"}
Request received: {"token":"eyJ0eXAiOiJKV1QiLCJhbGciOiJIUzI1NiJ9.eyJ1c2VyX2lkIjoyLCJ1c2VybmFtZSI6ImlvbmlvbmVzY3UiLCJleHAiOjE3NDY1NTg4MTN9.oM_hapUuw2U5PEhr9C09wCiSK30vfcRzxT9NiCpfN9k"}
Request received: {"token":"eyJ0eXAiOiJKV1QiLCJhbGciOiJIUzI1NiJ9.eyJ1c2VyX2lkIjoxLCJ1c2VybmFtZSI6ImFsZXhtaWhhaSIsImV4cCI6MTc0NjU1ODc5OH0.CMujj_bHTs3SP7WaC1VmgATXS4sthGRxwb9K3FyCtUs"}
Request received: {"token":"eyJ0eXAiOiJKV1QiLCJhbGciOiJIUzI1NiJ9.eyJ1c2VyX2lkIjoyLCJ1c2VybmFtZSI6ImlvbmlvbmVzY3UiLCJleHAiOjE3NDY1NTg4MTN9.oM_hapUuw2U5PEhr9C09wCiSK30vfcRzxT9NiCpfN9k"}
Request received: {"token":"eyJ0eXAiOiJKV1QiLCJhbGciOiJIUzI1NiJ9.eyJ1c2VyX2lkIjoxLCJ1c2VybmFtZSI6ImFsZXhtaWhhaSIsImV4cCI6MTc0NjU1ODc5OH0.CMujj_bHTs3SP7WaC1VmgATXS4sthGRxwb9K3FyCtUs"}
Request received: {"token":"eyJ0eXAiOiJKV1QiLCJhbGciOiJIUzI1NiJ9.eyJ1c2VyX2lkIjoyLCJ1c2VybmFtZSI6ImlvbmlvbmVzY3UiLCJleHAiOjE3NDY1NTg4MTN9.oM_hapUuw2U5PEhr9C09wCiSK30vfcRzxT9NiCpfN9k"}
Request received: {"token":"eyJ0eXAiOiJKV1QiLCJhbGciOiJIUzI1NiJ9.eyJ1c2VyX2lkIjoxLCJ1c2VybmFtZSI6ImFsZXhtaWhhaSIsImV4cCI6MTc0NjU1ODc5OH0.CMujj_bHTs3SP7WaC1VmgATXS4sthGRxwb9K3FyCtUs"}
Request received: {"token":"eyJ0eXAiOiJKV1QiLCJhbGciOiJIUzI1NiJ9.eyJ1c2VyX2lkIjoyLCJ1c2VybmFtZSI6ImlvbmlvbmVzY3UiLCJleHAiOjE3NDY1NTg4MTN9.oM_hapUuw2U5PEhr9C09wCiSK30vfcRzxT9NiCpfN9k"}
Request received: {"token":"eyJ0eXAiOiJKV1QiLCJhbGciOiJIUzI1NiJ9.eyJ1c2VyX2lkIjoxLCJ1c2VybmFtZSI6ImFsZXhtaWhhaSIsImV4cCI6MTc0NjU1ODc5OH0.CMujj_bHTs3SP7WaC1VmgATXS4sthGRxwb9K3FyCtUs"}
Request received: {"token":"eyJ0eXAiOiJKV1QiLCJhbGciOiJIUzI1NiJ9.eyJ1c2VyX2lkIjoyLCJ1c2VybmFtZSI6ImlvbmlvbmVzY3UiLCJleHAiOjE3NDY1NTg4MTN9.oM_hapUuw2U5PEhr9C09wCiSK30vfcRzxT9NiCpfN9k"}
Request received: {"token":"eyJ0eXAiOiJKV1QiLCJhbGciOiJIUzI1NiJ9.eyJ1c2VyX2lkIjoxLCJ1c2VybmFtZSI6ImFsZXhtaWhhaSIsImV4cCI6MTc0NjU1ODc5OH0.CMujj_bHTs3SP7WaC1VmgATXS4sthGRxwb9K3FyCtUs"}
Request received: {"token":"eyJ0eXAiOiJKV1QiLCJhbGciOiJIUzI1NiJ9.eyJ1c2VyX2lkIjoyLCJ1c2VybmFtZSI6ImlvbmlvbmVzY3UiLCJleHAiOjE3NDY1NTg4MTN9.oM_hapUuw2U5PEhr9C09wCiSK30vfcRzxT9NiCpfN9k"}
Request received: {"token":"eyJ0eXAiOiJKV1QiLCJhbGciOiJIUzI1NiJ9.eyJ1c2VyX2lkIjoxLCJ1c2VybmFtZSI6ImFsZXhtaWhhaSIsImV4cCI6MTc0NjU1ODc5OH0.CMujj_bHTs3SP7WaC1VmgATXS4sthGRxwb9K3FyCtUs"}
Request received: {"token":"eyJ0eXAiOiJKV1QiLCJhbGciOiJIUzI1NiJ9.eyJ1c2VyX2lkIjoyLCJ1c2VybmFtZSI6ImlvbmlvbmVzY3UiLCJleHAiOjE3NDY1NTg4MTN9.oM_hapUuw2U5PEhr9C09wCiSK30vfcRzxT9NiCpfN9k"}
Invalid token: Expired token
Request received: {"token":"eyJ0eXAiOiJKV1QiLCJhbGciOiJIUzI1NiJ9.eyJ1c2VyX2lkIjoxLCJ1c2VybmFtZSI6ImFsZXhtaWhhaSIsImV4cCI6MTc0NjU1ODc5OH0.CMujj_bHTs3SP7WaC1VmgATXS4sthGRxwb9K3FyCtUs"}
Invalid token: Expired token
Request received: {"token":"eyJ0eXAiOiJKV1QiLCJhbGciOiJIUzI1NiJ9.eyJ1c2VyX2lkIjoyLCJ1c2VybmFtZSI6ImlvbmlvbmVzY3UiLCJleHAiOjE3NDY1ODQxNTN9.4um5kH60g_QPPEv097vmxnOjqrNP9TfKUO79ATruXnM"}
Request received: {"token":"eyJ0eXAiOiJKV1QiLCJhbGciOiJIUzI1NiJ9.eyJ1c2VyX2lkIjoyLCJ1c2VybmFtZSI6ImlvbmlvbmVzY3UiLCJleHAiOjE3NDY1ODQxNTN9.4um5kH60g_QPPEv097vmxnOjqrNP9TfKUO79ATruXnM"}
Request received: {"token":"eyJ0eXAiOiJKV1QiLCJhbGciOiJIUzI1NiJ9.eyJ1c2VyX2lkIjoyLCJ1c2VybmFtZSI6ImlvbmlvbmVzY3UiLCJleHAiOjE3NDY1ODQxNTN9.4um5kH60g_QPPEv097vmxnOjqrNP9TfKUO79ATruXnM"}
Request received: {"token":"eyJ0eXAiOiJKV1QiLCJhbGciOiJIUzI1NiJ9.eyJ1c2VyX2lkIjoyLCJ1c2VybmFtZSI6ImlvbmlvbmVzY3UiLCJleHAiOjE3NDY1ODQxNTN9.4um5kH60g_QPPEv097vmxnOjqrNP9TfKUO79ATruXnM"}
Request received: {"token":"eyJ0eXAiOiJKV1QiLCJhbGciOiJIUzI1NiJ9.eyJ1c2VyX2lkIjoyLCJ1c2VybmFtZSI6ImlvbmlvbmVzY3UiLCJleHAiOjE3NDY1ODQxNTN9.4um5kH60g_QPPEv097vmxnOjqrNP9TfKUO79ATruXnM"}
Request received: {"token":"eyJ0eXAiOiJKV1QiLCJhbGciOiJIUzI1NiJ9.eyJ1c2VyX2lkIjoyLCJ1c2VybmFtZSI6ImlvbmlvbmVzY3UiLCJleHAiOjE3NDY1ODQxNTN9.4um5kH60g_QPPEv097vmxnOjqrNP9TfKUO79ATruXnM"}
Request received: {"token":"eyJ0eXAiOiJKV1QiLCJhbGciOiJIUzI1NiJ9.eyJ1c2VyX2lkIjoyLCJ1c2VybmFtZSI6ImlvbmlvbmVzY3UiLCJleHAiOjE3NDY1ODQxNTN9.4um5kH60g_QPPEv097vmxnOjqrNP9TfKUO79ATruXnM"}
Request received: {"token":"eyJ0eXAiOiJKV1QiLCJhbGciOiJIUzI1NiJ9.eyJ1c2VyX2lkIjoxLCJ1c2VybmFtZSI6ImFsZXhtaWhhaSIsImV4cCI6MTc0NjU4Mzg4NH0.ZD8s9V7iaGfI203ucTSYWvCQoJN-tAeC-xmZTtVTQDo"}
Invalid token: Expired token
Request received: {"token":"eyJ0eXAiOiJKV1QiLCJhbGciOiJIUzI1NiJ9.eyJ1c2VyX2lkIjoxLCJ1c2VybmFtZSI6ImFsZXhtaWhhaSIsImV4cCI6MTc0NjU5MTE1MX0.DCvFj_k9SMXCg9gh2aHfYvkKjHjoQlb0DWMyp2yRWa0"}
Request received: {"token":"eyJ0eXAiOiJKV1QiLCJhbGciOiJIUzI1NiJ9.eyJ1c2VyX2lkIjoxLCJ1c2VybmFtZSI6ImFsZXhtaWhhaSIsImV4cCI6MTc0NjU5MTE1MX0.DCvFj_k9SMXCg9gh2aHfYvkKjHjoQlb0DWMyp2yRWa0"}
Request received: {"token":"eyJ0eXAiOiJKV1QiLCJhbGciOiJIUzI1NiJ9.eyJ1c2VyX2lkIjoxLCJ1c2VybmFtZSI6ImFsZXhtaWhhaSIsImV4cCI6MTc0NjU5MTE1MX0.DCvFj_k9SMXCg9gh2aHfYvkKjHjoQlb0DWMyp2yRWa0"}
Request received: {"token":"eyJ0eXAiOiJKV1QiLCJhbGciOiJIUzI1NiJ9.eyJ1c2VyX2lkIjoxLCJ1c2VybmFtZSI6ImFsZXhtaWhhaSIsImV4cCI6MTc0NjU5MTE1MX0.DCvFj_k9SMXCg9gh2aHfYvkKjHjoQlb0DWMyp2yRWa0"}
Request received: {"token":"eyJ0eXAiOiJKV1QiLCJhbGciOiJIUzI1NiJ9.eyJ1c2VyX2lkIjoxLCJ1c2VybmFtZSI6ImFsZXhtaWhhaSIsImV4cCI6MTc0NjU5MTE1MX0.DCvFj_k9SMXCg9gh2aHfYvkKjHjoQlb0DWMyp2yRWa0"}
Request received: {"token":"eyJ0eXAiOiJKV1QiLCJhbGciOiJIUzI1NiJ9.eyJ1c2VyX2lkIjoxLCJ1c2VybmFtZSI6ImFsZXhtaWhhaSIsImV4cCI6MTc0NjU5MTE1MX0.DCvFj_k9SMXCg9gh2aHfYvkKjHjoQlb0DWMyp2yRWa0"}
Request received: {"token":"eyJ0eXAiOiJKV1QiLCJhbGciOiJIUzI1NiJ9.eyJ1c2VyX2lkIjoxLCJ1c2VybmFtZSI6ImFsZXhtaWhhaSIsImV4cCI6MTc0NjU5MTE1MX0.DCvFj_k9SMXCg9gh2aHfYvkKjHjoQlb0DWMyp2yRWa0"}
Request received: {"token":"eyJ0eXAiOiJKV1QiLCJhbGciOiJIUzI1NiJ9.eyJ1c2VyX2lkIjoxLCJ1c2VybmFtZSI6ImFsZXhtaWhhaSIsImV4cCI6MTc0NjU5MTE1MX0.DCvFj_k9SMXCg9gh2aHfYvkKjHjoQlb0DWMyp2yRWa0"}
Request received: {"token":"eyJ0eXAiOiJKV1QiLCJhbGciOiJIUzI1NiJ9.eyJ1c2VyX2lkIjoxLCJ1c2VybmFtZSI6ImFsZXhtaWhhaSIsImV4cCI6MTc0NjU5MTE1MX0.DCvFj_k9SMXCg9gh2aHfYvkKjHjoQlb0DWMyp2yRWa0"}
Request received: {"token":"eyJ0eXAiOiJKV1QiLCJhbGciOiJIUzI1NiJ9.eyJ1c2VyX2lkIjoxLCJ1c2VybmFtZSI6ImFsZXhtaWhhaSIsImV4cCI6MTc0NjU5MTE1MX0.DCvFj_k9SMXCg9gh2aHfYvkKjHjoQlb0DWMyp2yRWa0"}
Request received: {"token":"eyJ0eXAiOiJKV1QiLCJhbGciOiJIUzI1NiJ9.eyJ1c2VyX2lkIjoxLCJ1c2VybmFtZSI6ImFsZXhtaWhhaSIsImV4cCI6MTc0NjU5MTE1MX0.DCvFj_k9SMXCg9gh2aHfYvkKjHjoQlb0DWMyp2yRWa0"}
Request received: {"token":"eyJ0eXAiOiJKV1QiLCJhbGciOiJIUzI1NiJ9.eyJ1c2VyX2lkIjoxLCJ1c2VybmFtZSI6ImFsZXhtaWhhaSIsImV4cCI6MTc0NjU5MTE1MX0.DCvFj_k9SMXCg9gh2aHfYvkKjHjoQlb0DWMyp2yRWa0"}
Request received: {"token":"eyJ0eXAiOiJKV1QiLCJhbGciOiJIUzI1NiJ9.eyJ1c2VyX2lkIjoxLCJ1c2VybmFtZSI6ImFsZXhtaWhhaSIsImV4cCI6MTc0NjU5MTE1MX0.DCvFj_k9SMXCg9gh2aHfYvkKjHjoQlb0DWMyp2yRWa0"}
Request received: {"token":"eyJ0eXAiOiJKV1QiLCJhbGciOiJIUzI1NiJ9.eyJ1c2VyX2lkIjoxLCJ1c2VybmFtZSI6ImFsZXhtaWhhaSIsImV4cCI6MTc0NjU5MTE1MX0.DCvFj_k9SMXCg9gh2aHfYvkKjHjoQlb0DWMyp2yRWa0"}
Request received: {"token":"eyJ0eXAiOiJKV1QiLCJhbGciOiJIUzI1NiJ9.eyJ1c2VyX2lkIjoxLCJ1c2VybmFtZSI6ImFsZXhtaWhhaSIsImV4cCI6MTc0NjU5MTE1MX0.DCvFj_k9SMXCg9gh2aHfYvkKjHjoQlb0DWMyp2yRWa0"}
Request received: {"token":"eyJ0eXAiOiJKV1QiLCJhbGciOiJIUzI1NiJ9.eyJ1c2VyX2lkIjoxLCJ1c2VybmFtZSI6ImFsZXhtaWhhaSIsImV4cCI6MTc0NjU5MTE1MX0.DCvFj_k9SMXCg9gh2aHfYvkKjHjoQlb0DWMyp2yRWa0"}
Request received: {"token":"eyJ0eXAiOiJKV1QiLCJhbGciOiJIUzI1NiJ9.eyJ1c2VyX2lkIjoxLCJ1c2VybmFtZSI6ImFsZXhtaWhhaSIsImV4cCI6MTc0NjU5MTE1MX0.DCvFj_k9SMXCg9gh2aHfYvkKjHjoQlb0DWMyp2yRWa0"}
Request received: {"token":"eyJ0eXAiOiJKV1QiLCJhbGciOiJIUzI1NiJ9.eyJ1c2VyX2lkIjoxLCJ1c2VybmFtZSI6ImFsZXhtaWhhaSIsImV4cCI6MTc0NjU5MTE1MX0.DCvFj_k9SMXCg9gh2aHfYvkKjHjoQlb0DWMyp2yRWa0"}
Request received: {"token":"eyJ0eXAiOiJKV1QiLCJhbGciOiJIUzI1NiJ9.eyJ1c2VyX2lkIjoxLCJ1c2VybmFtZSI6ImFsZXhtaWhhaSIsImV4cCI6MTc0NjU5MTE1MX0.DCvFj_k9SMXCg9gh2aHfYvkKjHjoQlb0DWMyp2yRWa0"}
Request received: {"token":"eyJ0eXAiOiJKV1QiLCJhbGciOiJIUzI1NiJ9.eyJ1c2VyX2lkIjoxLCJ1c2VybmFtZSI6ImFsZXhtaWhhaSIsImV4cCI6MTc0NjU5MTE1MX0.DCvFj_k9SMXCg9gh2aHfYvkKjHjoQlb0DWMyp2yRWa0"}
Request received: {"token":"eyJ0eXAiOiJKV1QiLCJhbGciOiJIUzI1NiJ9.eyJ1c2VyX2lkIjoxLCJ1c2VybmFtZSI6ImFsZXhtaWhhaSIsImV4cCI6MTc0NjU5MTE1MX0.DCvFj_k9SMXCg9gh2aHfYvkKjHjoQlb0DWMyp2yRWa0"}
Request received: {"token":"eyJ0eXAiOiJKV1QiLCJhbGciOiJIUzI1NiJ9.eyJ1c2VyX2lkIjoxLCJ1c2VybmFtZSI6ImFsZXhtaWhhaSIsImV4cCI6MTc0NjU5MTE1MX0.DCvFj_k9SMXCg9gh2aHfYvkKjHjoQlb0DWMyp2yRWa0"}
Request received: {"token":"eyJ0eXAiOiJKV1QiLCJhbGciOiJIUzI1NiJ9.eyJ1c2VyX2lkIjoxLCJ1c2VybmFtZSI6ImFsZXhtaWhhaSIsImV4cCI6MTc0NjU5MTE1MX0.DCvFj_k9SMXCg9gh2aHfYvkKjHjoQlb0DWMyp2yRWa0"}
Request received: {"token":"eyJ0eXAiOiJKV1QiLCJhbGciOiJIUzI1NiJ9.eyJ1c2VyX2lkIjoxLCJ1c2VybmFtZSI6ImFsZXhtaWhhaSIsImV4cCI6MTc0NjU5MTE1MX0.DCvFj_k9SMXCg9gh2aHfYvkKjHjoQlb0DWMyp2yRWa0"}
Invalid token: Expired token
Request received: {"token":"eyJ0eXAiOiJKV1QiLCJhbGciOiJIUzI1NiJ9.eyJ1c2VyX2lkIjoyLCJ1c2VybmFtZSI6ImlvbmlvbmVzY3UiLCJleHAiOjE3NDY2NDQyMDJ9.VqkQ3aMY7BlhOaEEfObCSTWGBt-J77wTLUW6MP-WJ_k"}
Request received: {"token":"eyJ0eXAiOiJKV1QiLCJhbGciOiJIUzI1NiJ9.eyJ1c2VyX2lkIjoxLCJ1c2VybmFtZSI6ImFsZXhtaWhhaSIsImV4cCI6MTc0NjY0NDE4OH0.BFA5rcVKaMlNnjWuyGYOOaBB5lVplenWis5pkEpPb6c"}
Request received: {"token":"eyJ0eXAiOiJKV1QiLCJhbGciOiJIUzI1NiJ9.eyJ1c2VyX2lkIjoyLCJ1c2VybmFtZSI6ImlvbmlvbmVzY3UiLCJleHAiOjE3NDY2NDQyMDJ9.VqkQ3aMY7BlhOaEEfObCSTWGBt-J77wTLUW6MP-WJ_k"}
Request received: {"token":"eyJ0eXAiOiJKV1QiLCJhbGciOiJIUzI1NiJ9.eyJ1c2VyX2lkIjoxLCJ1c2VybmFtZSI6ImFsZXhtaWhhaSIsImV4cCI6MTc0NjY0NDE4OH0.BFA5rcVKaMlNnjWuyGYOOaBB5lVplenWis5pkEpPb6c"}
Request received: {"token":"eyJ0eXAiOiJKV1QiLCJhbGciOiJIUzI1NiJ9.eyJ1c2VyX2lkIjoyLCJ1c2VybmFtZSI6ImlvbmlvbmVzY3UiLCJleHAiOjE3NDY2NDQyMDJ9.VqkQ3aMY7BlhOaEEfObCSTWGBt-J77wTLUW6MP-WJ_k"}
Request received: {"token":"eyJ0eXAiOiJKV1QiLCJhbGciOiJIUzI1NiJ9.eyJ1c2VyX2lkIjoxLCJ1c2VybmFtZSI6ImFsZXhtaWhhaSIsImV4cCI6MTc0NjY0NDE4OH0.BFA5rcVKaMlNnjWuyGYOOaBB5lVplenWis5pkEpPb6c"}
